Qual.	Player	Team	Class	GB%	LD%	FB%	PU%	HR/FB%
0	Nolan Moore	Texas State	FR	78.4%	2.7%	18.9%	0.0%	0.0%
0	Braxton Haywood	Central Arkansas	JR	72.2%	8.3%	19.4%	2.8%	0.0%
0	Lucas Foley	Illinois State	JR	68.3%	12.2%	19.5%	0.0%	0.0%
0	Jesus Tovar	Texas State	JR	68.0%	8.0%	24.0%	2.0%	0.0%
0	Matthew Cuccias	Wichita State	JR	66.7%	6.7%	26.7%	2.2%	16.7%
0	Tyler Weimer	Arkansas State	SO	65.5%	8.6%	25.9%	6.9%	6.7%
0	Dylan Volantis	Texas	SO	65.4%	11.5%	23.1%	3.8%	0.0%
0	Chansen Cole	West Virginia	SO	65.3%	14.3%	20.4%	2.0%	0.0%
0	Logan Rumberg	George Mason	SR	65.2%	10.9%	23.9%	4.3%	18.2%
0	Bryce McKnight	San Diego State	JR	64.0%	12.0%	24.0%	2.0%	41.7%
0	Sean Jenkins	East Carolina	SO	63.6%	9.1%	27.3%	4.5%	8.3%
0	Keyon Guillory	Grambling	JR	63.5%	15.4%	21.2%	3.8%	9.1%
0	Max McCrary	Mount St. Mary’s	SR	63.0%	18.5%	18.5%	0.0%	0.0%
0	Jack Turner	New Mexico State	SR	62.5%	20.0%	17.5%	2.5%	0.0%
0	Landon Mack	Tennessee	SO	62.3%	17.0%	20.8%	0.0%	9.1%
0	Brooks Roberson	Louisiana Tech	SO	62.3%	15.1%	22.6%	0.0%	0.0%
0	Zach Erdman	Purdue	SR	62.1%	17.2%	20.7%	0.0%	16.7%
0	Caylon Dygert	UT Arlington	JR	62.0%	9.9%	28.2%	2.8%	0.0%
0	Ben Blair	Liberty	JR	61.9%	7.1%	31.0%	7.1%	0.0%
0	Wade Walton	High Point	SO	61.8%	11.8%	26.5%	7.4%	11.1%
0	Daniel Quintana	Radford	JR	61.7%	17.0%	21.3%	4.3%	0.0%
0	Brandon Stone	South Carolina	JR	61.7%	19.1%	19.1%	8.5%	0.0%
0	Jacob Turner	Bowling Green	SR	61.5%	10.8%	27.7%	3.1%	22.2%
0	Kaden Segel	Portland	GR	61.4%	15.8%	22.8%	5.3%	0.0%
0	Ethan Lay	Sacramento State	SR	61.3%	5.3%	33.3%	4.0%	20.0%
0	Eric Segura	Oregon State	JR	61.0%	19.5%	19.5%	0.0%	0.0%
0	Logan Reddemann	UCLA	JR	60.9%	8.7%	30.4%	8.7%	14.3%
0	Tyler Ray	Utah Tech	SR	60.9%	14.5%	24.6%	7.2%	5.9%
0	Brady Hamilton	Wichita State	JR	60.8%	15.7%	23.5%	11.8%	0.0%
0	Lakin Polk	Southeastern Louisiana	SR	60.6%	16.7%	22.7%	1.5%	0.0%
0	Adam Behrens	Loyola Marymount	JR	60.6%	12.1%	27.3%	4.5%	11.1%
0	Otto Espinoza	California	FR	60.5%	13.2%	26.3%	0.0%	10.0%
0	Kade Walker	Jackson State	GR	60.4%	16.7%	22.9%	6.3%	0.0%
0	Kenneth Haynes	Prairie View	JR	60.4%	14.6%	25.0%	4.2%	8.3%
0	Nathan Leininger	Toledo	SR	60.3%	14.3%	25.4%	7.9%	6.3%
0	Gabriel Hernandez	Cal State Northridge	SO	60.0%	9.2%	30.8%	1.5%	20.0%
0	Nate Isler	Dartmouth	JR	60.0%	8.6%	31.4%	0.0%	9.1%
0	Kide Adetuyi	Florida Atlantic	SO	60.0%	11.1%	28.9%	6.7%	15.4%
0	Beau Bryans	Jacksonville State	SR	60.0%	15.0%	25.0%	2.5%	0.0%
0	Hekili Robello	Hawaii	JR	60.0%	10.8%	29.2%	4.6%	0.0%
0	Max Bayles	Santa Clara	JR	59.3%	7.4%	33.3%	7.4%	11.1%
0	Garrett Grant	Florida Atlantic	FR	59.3%	16.7%	24.1%	5.6%	0.0%
0	Mason Smith	Campbell	JR	59.1%	6.8%	34.1%	2.3%	13.3%
0	Vincent Spizzoucco	Pittsburgh	GR	58.7%	13.0%	28.3%	4.3%	0.0%
0	Owen Slater	Missouri State	SO	58.7%	14.3%	27.0%	4.8%	29.4%
0	Joey Volchko	Georgia	JR	58.5%	22.6%	18.9%	0.0%	10.0%
0	Bryan Peck	California Baptist	GR	57.9%	14.0%	28.1%	5.3%	25.0%
0	Sam Simmons	UTSA	SR	57.9%	14.0%	28.1%	5.3%	6.3%
0	Drew Lafferty	Pittsburgh	JR	57.7%	15.4%	26.9%	1.9%	0.0%
0	Maxwell Schumacher	Tennessee-Martin	SR	57.7%	15.5%	26.8%	4.2%	5.3%
0	Liam Diehl	Towson	JR	57.5%	17.5%	25.0%	5.0%	0.0%
0	Brady Pendley	Georgia Southern	SR	57.4%	10.6%	31.9%	2.1%	0.0%
0	Kade Shatwell	Austin Peay	SR	57.4%	8.2%	34.4%	0.0%	4.8%
0	Trey Newmann	Portland	JR	57.4%	19.1%	23.4%	6.4%	18.2%
0	Edwin Alicea	South Florida	JR	57.4%	11.1%	31.5%	9.3%	11.8%
0	Isaac Morton	Minnesota	JR	57.4%	20.4%	22.2%	3.7%	0.0%
0	Darin Horn	Coastal Carolina	SR	57.1%	17.1%	25.7%	5.7%	11.1%
0	Christian Coppola	Saint Joseph’s	SR	57.1%	19.0%	23.8%	4.8%	0.0%
0	Joseph Taylor	Charlotte	JR	57.1%	14.3%	28.6%	0.0%	0.0%
0	Brian Crooms	Georgia State	GR	57.1%	25.0%	17.9%	1.8%	0.0%
0	Corbin Snyder	Butler	SO	57.1%	14.3%	28.6%	3.2%	5.6%
0	Tomas Valincius	Mississippi State	SO	57.1%	10.2%	32.7%	8.2%	6.3%
0	Serigne Sarre	Mount St. Mary’s	SO	57.1%	14.3%	28.6%	4.8%	0.0%
0	Benjamin Stubbs	Troy	SR	56.9%	15.5%	27.6%	6.9%	6.3%
0	Colin Fisher	Arkansas	JR	56.9%	21.6%	21.6%	3.9%	18.2%
0	Cooper Moore	LSU	JR	56.9%	13.8%	29.3%	1.7%	17.6%
0	Connor Lockwood	Valparaiso	SR	56.8%	11.1%	32.1%	2.5%	3.8%
0	Keevyn Goss	Grambling	JR	56.8%	9.1%	34.1%	6.8%	0.0%
0	Brendon Miller	Fairfield	SO	56.8%	18.9%	24.3%	2.7%	0.0%
0	Grayden Harris	Southern Miss	SO	56.8%	18.2%	25.0%	2.3%	9.1%
0	Logan Anderson	Portland	FR	56.5%	6.5%	37.0%	0.0%	5.9%
0	Brian Foley	UMass Lowell	SR	56.3%	31.3%	12.5%	0.0%	0.0%
0	Bryce Blevins	Marshall	SR	56.3%	18.3%	25.4%	1.4%	11.1%
0	Charlie West	Connecticut	JR	56.3%	16.7%	27.1%	6.3%	7.7%
0	Patrick Fernandez	Central Arkansas	JR	56.3%	14.6%	29.2%	4.2%	21.4%
0	Kaleb Applebey	Austin Peay	JR	56.0%	8.0%	36.0%	4.0%	11.1%
0	Andrew Steinhaus	Radford	JR	55.9%	32.2%	11.9%	3.4%	0.0%
0	JR Tollett	Louisiana	JR	55.9%	15.3%	28.8%	1.7%	23.5%
0	Bryson Moore	Florida State	JR	55.8%	16.3%	27.9%	4.7%	8.3%
0	Blake Lobell	Southeastern Louisiana	SR	55.8%	23.1%	21.2%	0.0%	9.1%
0	Bradley Zayac	Liberty	SO	55.8%	15.4%	28.8%	1.9%	0.0%
0	Casan Evans	LSU	SO	55.8%	9.3%	34.9%	4.7%	0.0%
0	Ryan Lynch	North Carolina	SO	55.8%	21.2%	23.1%	5.8%	8.3%
0	Luke Alexander	James Madison	FR	55.8%	23.3%	20.9%	4.7%	22.2%
0	Brock Buckley	Butler	SR	55.7%	13.1%	31.1%	6.6%	0.0%
0	Sam Novotny	South Dakota State	JR	55.6%	11.1%	33.3%	4.2%	4.2%
0	Connor Johnston	Rhode Island	SR	55.6%	11.1%	33.3%	5.6%	22.2%
0	Richie Kerstetter	Central Connecticut	JR	55.6%	5.6%	38.9%	5.6%	28.6%
0	Dakoda West	Utah Tech	SR	55.6%	14.3%	30.2%	3.2%	10.5%
0	Lincoln Sheffield	Kansas State	SR	55.6%	15.3%	29.2%	1.4%	9.5%
0	Camden Sunstrom	Southern Miss	SO	55.6%	22.2%	22.2%	7.4%	16.7%
0	David Leslie	Pittsburgh	GR	55.4%	21.4%	23.2%	3.6%	0.0%
0	Brannon Westmoreland	Little Rock	JR	55.4%	17.9%	26.8%	0.0%	0.0%
0	Colin Trizuto	Wagner	SR	55.4%	21.5%	23.1%	6.2%	6.7%
0	Dylan Vigue	Georgia	JR	55.3%	21.1%	23.7%	5.3%	0.0%
0	Garrett Miller	Utah Valley	JR	55.2%	19.0%	25.9%	1.7%	6.7%
0	Ryan Parker	Sacred Heart	GR	55.1%	18.8%	26.1%	2.9%	16.7%
0	Cole Van Assen	Purdue	JR	55.0%	16.7%	28.3%	1.7%	5.9%
0	Kyle Froehlich	Texas State	GR	54.9%	11.8%	33.3%	3.9%	17.6%
0	Tyler Fay	Alabama	JR	54.7%	18.9%	26.4%	5.7%	21.4%
0	Chase Richter	Arkansas State	GR	54.7%	13.2%	32.1%	3.8%	11.8%
0	Elijah Griffith	Akron	JR	54.7%	15.6%	29.7%	6.3%	5.3%
0	Micah Hagler	Seattle	JR	54.7%	12.5%	32.8%	1.6%	9.5%
0	Samuel Wright	Quinnipiac	SO	54.7%	15.1%	30.2%	0.0%	12.5%
0	Drew Harlow	Marshall	GR	54.5%	12.7%	32.7%	3.6%	16.7%
0	Wilson Perkins	Davidson	SR	54.5%	12.7%	32.7%	1.8%	5.6%
0	Andrew Berg	Army	SR	54.4%	8.9%	36.7%	7.6%	3.4%
0	Nathan Taylor	Cincinnati	JR	54.4%	15.8%	29.8%	1.8%	23.5%
0	Cameron Johnson	Oklahoma	JR	54.3%	15.2%	30.4%	4.3%	7.1%
0	Ryan Peterson	Sam Houston	JR	54.3%	10.9%	34.8%	4.3%	12.5%
0	Mason Edwards	Southern California	JR	54.3%	14.3%	31.4%	11.4%	0.0%
0	Trey Cehajic	Tulane	GR	54.3%	21.7%	23.9%	4.3%	9.1%
0	Braden Smith	UCF	JR	54.1%	14.9%	31.1%	5.4%	13.0%
0	Lukas Pirko	Texas Tech	JR	54.0%	20.6%	25.4%	1.6%	25.0%
0	Liam O'Brien	Hawaii	SR	54.0%	6.0%	40.0%	12.0%	0.0%
0	Ian Mowad	St. John’s	JR	54.0%	12.0%	34.0%	8.0%	0.0%
0	Mitchell Heer	South Alabama	GR	53.8%	15.4%	30.8%	3.8%	12.5%
0	Caide White	Central Arkansas	FR	53.8%	16.9%	29.2%	6.2%	5.3%
0	Drew Talavs	San Diego State	JR	53.7%	16.7%	29.6%	0.0%	18.8%
0	Pierce Herrenbruck	Ohio State	JR	53.7%	14.8%	31.5%	13.0%	5.9%
0	Gavin Eddy	California	SO	53.6%	8.9%	37.5%	7.1%	4.8%
0	Isaac Miles	UNC Greensboro	SO	53.6%	10.7%	35.7%	3.6%	5.0%
0	Benjamin Hudson	Penn State	SO	53.6%	12.5%	33.9%	8.9%	5.3%
0	Smith Bailey	Arizona	SO	53.6%	10.7%	35.7%	0.0%	0.0%
0	Tristan Helmick	Lafayette	JR	53.4%	13.8%	32.8%	5.2%	0.0%
0	Lucas Hartman	Virginia	GR	53.2%	21.3%	25.5%	2.1%	16.7%
0	Brendan Conner	UAB	SO	53.2%	17.7%	29.0%	3.2%	11.1%
0	Elliot Eaton	Princeton	JR	53.1%	10.2%	36.7%	4.1%	11.1%
0	JC Dermody	UL Monroe	SR	53.1%	15.6%	31.3%	4.7%	10.0%
0	Reid Bertram	Gardner-Webb	SR	53.0%	7.6%	39.4%	7.6%	11.5%
0	Ruger Riojas	Texas	SR	52.9%	17.6%	29.4%	8.8%	10.0%
0	Jacob Dudan	NC State	JR	52.9%	13.7%	33.3%	7.8%	0.0%
0	Carson Jasa	Nebraska	SO	52.9%	26.5%	20.6%	2.9%	0.0%
0	Zane Wright	West Georgia	JR	52.9%	19.6%	27.5%	2.0%	35.7%
0	Ethan Wendel	Tarleton	JR	52.8%	17.0%	30.2%	3.8%	6.3%
0	Landon Yorek	South Florida	SR	52.7%	9.1%	38.2%	7.3%	14.3%
0	Kurt Barr	Michigan	SR	52.6%	7.9%	39.5%	10.5%	0.0%
0	Ty Horn	Nebraska	JR	52.6%	10.5%	36.8%	8.8%	0.0%
0	Kevin Robinson	Northwestern State	JR	52.5%	13.6%	33.9%	8.5%	10.0%
0	Griffin Smith	Washington State	SR	52.4%	12.7%	34.9%	0.0%	13.6%
0	Aden Knowles	Towson	FR	52.4%	11.9%	35.7%	4.8%	13.3%
0	Regan Hall	Illinois	JR	52.2%	8.7%	39.1%	5.8%	3.7%
0	Connor Wylde	New Mexico State	SR	52.1%	12.5%	35.4%	8.3%	5.9%
0	Luc Fladda	Arizona	SR	52.0%	18.0%	30.0%	2.0%	0.0%
0	Joseph Steventon	Wagner	SO	52.0%	14.0%	34.0%	8.0%	5.9%
0	Alfred Mucciarone	UMass Lowell	JR	52.0%	18.0%	30.0%	6.0%	13.3%
0	Max Haug	George Washington	SR	51.9%	16.7%	31.5%	5.6%	0.0%
0	Connor Marshburn	UNC Wilmington	JR	51.9%	22.2%	25.9%	3.7%	0.0%
0	Jaxson Pease	Tennessee Tech	SR	51.7%	19.0%	29.3%	1.7%	0.0%
0	Andrelys Payamps	Iona	GR	51.7%	13.8%	34.5%	0.0%	0.0%
0	Colby Allen	Southern Miss	SR	51.6%	17.2%	31.3%	1.6%	10.0%
0	Ethan Lund	Oklahoma State	SO	51.6%	25.8%	22.6%	3.2%	14.3%
0	Cal Scolari	Oregon	SO	51.5%	12.1%	36.4%	3.0%	16.7%
0	Josh Newell	Lindenwood	SR	51.4%	22.9%	25.7%	2.9%	5.6%
0	Zach Bowman	Gonzaga	JR	51.3%	7.7%	41.0%	7.7%	6.3%
0	Colin Fitzgerald	Penn State	SR	51.2%	19.5%	29.3%	0.0%	0.0%
0	Dylan Banner	Albany	SR	51.2%	20.9%	27.9%	4.7%	16.7%
0	Matt Lynch	Towson	SR	51.2%	7.0%	41.9%	11.6%	11.1%
0	Bobby Spencer	Southern	SR	51.2%	14.0%	34.9%	11.6%	13.3%
0	Mark Rogers	Canisius	FR	51.2%	20.9%	27.9%	4.7%	25.0%
0	Tony Neubeck	Indiana	GR	51.1%	19.1%	29.8%	6.4%	7.1%
0	Oliver de la Torre	California	JR	51.1%	17.0%	31.9%	12.8%	6.7%
0	Jaron Bleeker	Iowa	SO	51.1%	13.3%	35.6%	0.0%	0.0%
0	Jeremy Cheeseman	Fairleigh Dickinson	SR	51.0%	22.4%	26.5%	6.1%	7.7%
0	Tyler Lutz	James Madison	FR	51.0%	16.3%	32.7%	6.1%	18.8%
0	Tate McKee	Georgia Tech	JR	50.9%	21.8%	27.3%	3.6%	13.3%
0	James Guyette	Kansas State	JR	50.9%	12.3%	36.8%	3.5%	19.0%
0	Kendall Dove	UTSA	JR	50.9%	14.5%	34.5%	9.1%	5.3%
0	Kellan Montgomery	UC Santa Barbara	SR	50.8%	18.5%	30.8%	4.6%	10.0%
0	Jacob Bean	Louisville	JR	50.8%	18.6%	30.5%	8.5%	5.6%
0	Chase Carver	Bellarmine	JR	50.7%	10.1%	39.1%	8.7%	14.8%
0	AJ Ciscar	Miami	SO	50.7%	17.3%	32.0%	4.0%	12.5%
0	Garrett Holpuch	Tennessee Tech	SR	50.6%	10.4%	39.0%	3.9%	6.7%
0	Mario Pesca	Oklahoma State	SR	50.0%	15.2%	34.8%	4.3%	12.5%
0	Chase Ingram	UAB	SR	50.0%	9.4%	40.6%	12.5%	19.2%
0	Hunter Sipe	VMI	SR	50.0%	20.0%	30.0%	6.7%	5.6%
0	EJ Garcia	Incarnate Word	SR	50.0%	19.8%	30.2%	4.7%	3.8%
0	Ethan Calder	Baylor	SR	50.0%	13.0%	37.0%	6.5%	0.0%
0	Trey Ates	Army	SR	50.0%	12.5%	37.5%	10.4%	0.0%
0	Garrett Ahern	Grand Canyon	JR	50.0%	15.4%	34.6%	0.0%	5.6%
0	Nick Hunkele	Merrimack	SO	50.0%	16.1%	33.9%	5.4%	5.3%
0	Marty Coyne	Pennsylvania	JR	50.0%	21.7%	28.3%	6.5%	7.7%
0	Collin Valentine	Pepperdine	JR	50.0%	19.4%	30.6%	2.8%	4.5%
0	Jackson Hinchliffe	Richmond	JR	50.0%	22.6%	27.4%	4.8%	23.5%
0	Cade Montgomery	Michigan	JR	50.0%	21.2%	28.8%	4.5%	10.5%
0	Chet Lax	Wright State	JR	50.0%	9.6%	40.4%	3.8%	9.5%
0	Gaines Estridge	Air Force	JR	50.0%	13.2%	36.8%	5.9%	8.0%
0	Camden Wimbish	Campbell	JR	50.0%	10.4%	39.6%	10.4%	5.3%
0	Gavin DeVooght	Michigan	JR	50.0%	16.7%	33.3%	7.1%	7.1%
0	Jonathan Adelmann	Bucknell	JR	50.0%	21.4%	28.6%	3.6%	0.0%
0	Quinn Holt	Utah Valley	SR	50.0%	13.2%	36.8%	7.9%	7.1%
0	Michael Sharman	Clemson	SR	50.0%	23.3%	28.3%	3.3%	0.0%
0	Brady Bickett	Charleston Southern	JR	50.0%	12.5%	37.5%	6.3%	0.0%
0	Nic Schutte	Murray State	SR	50.0%	20.3%	29.7%	4.7%	5.3%
0	Dylan Smith	Cal State Fullerton	SO	50.0%	16.2%	33.8%	2.7%	8.0%
0	J.D. Rodriguez	Tulane	SR	50.0%	15.0%	35.0%	5.0%	21.4%
0	Peyton Dhein	VMI	SO	50.0%	20.4%	29.6%	5.6%	6.3%
0	Troy Shepard	Southern Illinois	SR	50.0%	10.0%	40.0%	6.0%	5.0%
0	Tate Jones	New Jersey Tech	SO	50.0%	20.5%	29.5%	2.3%	0.0%
0	Ryan McPherson	Mississippi State	SO	50.0%	21.4%	28.6%	10.7%	0.0%
0	Josh Pena	Texas Southern	JR	50.0%	10.4%	39.6%	14.6%	0.0%
0	Jordan Giacomini	Nevada	JR	50.0%	18.0%	32.0%	8.0%	12.5%
0	Cord Rager	Oklahoma	FR	50.0%	13.2%	36.8%	10.5%	14.3%
0	Myles Upchurch	Alabama	FR	50.0%	14.7%	35.3%	5.9%	8.3%
0	Dillon Kirksey	Coppin State	JR	50.0%	12.0%	38.0%	4.0%	5.3%
0	Brayden Marks	North Dakota State	SR	49.2%	18.5%	32.3%	3.1%	9.5%
0	Carter Monke	Michigan State	GR	49.2%	23.1%	27.7%	7.7%	0.0%
0	Aidan Coleman	Abilene Christian	JR	49.2%	13.1%	37.7%	3.3%	17.4%
0	Seth Benes	Lindenwood	JR	49.2%	13.6%	37.3%	3.4%	0.0%
0	Mason Lei	Illinois-Chicago	JR	49.2%	12.3%	38.5%	10.8%	8.0%
0	Jack Frankel	Tulane	SO	49.2%	20.6%	30.2%	3.2%	10.5%
0	Jon Whiteside	Dayton	SO	49.2%	8.5%	42.4%	6.8%	12.0%
0	Aidan Weaver	Duke	SR	49.1%	12.3%	38.6%	0.0%	22.7%
0	Chris Olivier	Lamar	SR	49.1%	9.4%	41.5%	5.7%	4.5%
0	Gabe LeBlanc	Stephen F. Austin	SR	49.1%	16.4%	34.5%	7.3%	0.0%
0	Everett Garber	Bucknell	SO	49.1%	12.3%	38.6%	7.0%	0.0%
0	Luke Harrison	Texas	GR	49.0%	11.8%	39.2%	3.9%	5.0%
0	Diego Cardenas	George Mason	GR	49.0%	8.2%	42.9%	6.1%	19.0%
0	Luke Neiswonger	Central Michigan	FR	49.0%	15.7%	35.3%	5.9%	11.1%
0	Jaxon Baptist	Alabama State	FR	49.0%	10.2%	40.8%	10.2%	5.0%
0	Wil Libbert	Ole Miss	SO	48.9%	15.6%	35.6%	11.1%	12.5%
0	Michael Harpster	East Tennessee State	JR	48.9%	15.6%	35.6%	2.2%	18.8%
0	Jackson Sanders	Auburn	SO	48.9%	12.8%	38.3%	2.1%	11.1%
0	Parker Dillhoff	UNLV	SR	48.8%	9.3%	41.9%	4.7%	5.6%
0	Chase Hoover	UC Santa Barbara	JR	48.6%	28.6%	22.9%	0.0%	12.5%
0	Gabriel Barrett	San Francisco	SR	48.4%	15.6%	35.9%	7.8%	0.0%
0	Mason Christopher	Seton Hall	SO	48.4%	32.3%	22.6%	6.5%	14.3%
0	Danny Cihocki	Northern Illinois	JR	48.3%	13.8%	37.9%	8.6%	4.5%
0	Harrison Thayer	UT Rio Grande Valley	SO	48.2%	8.9%	42.9%	12.5%	8.3%
0	Caleb Granger	Florida A&M	GR	48.1%	20.4%	31.5%	3.7%	0.0%
0	Travis Farrell	Seattle	SR	48.0%	16.0%	36.0%	4.0%	27.8%
0	Henry Zatkowski	Virginia	SO	48.0%	16.0%	36.0%	4.0%	0.0%
0	Ethan Eberle	Louisville	SO	48.0%	16.0%	36.0%	4.0%	11.1%
0	Jaxon Jelkin	Kentucky	JR	47.9%	25.0%	27.1%	2.1%	15.4%
0	Max Skilbeck	St. Thomas	SR	47.9%	16.7%	35.4%	4.2%	5.9%
0	Griffin Stieg	Virginia Tech	JR	47.9%	14.6%	37.5%	2.1%	16.7%
0	Dawson Montesa	West Virginia	JR	47.8%	13.0%	39.1%	6.5%	5.6%
0	Mahiro Tomita	Nevada	SR	47.8%	13.0%	39.1%	8.7%	5.6%
0	Nick Dugan	Stanford	SR	47.7%	26.2%	26.2%	4.6%	5.9%
0	Michael Barnett	UCLA	SR	47.7%	13.6%	38.6%	4.5%	29.4%
0	Kayden Sutton	Alcorn State	FR	47.7%	13.8%	38.5%	7.7%	4.0%
0	Steven Cash	Jacksonville State	SR	47.6%	19.0%	33.3%	7.1%	7.1%
0	Gavin Van Kempen	East Carolina	SR	47.6%	9.5%	42.9%	9.5%	11.1%
0	Brady LeJeune-DeAcutis	UMBC	GR	47.5%	17.5%	35.0%	2.5%	14.3%
0	Adrian Quezada	Queens (NC)	SR	47.5%	14.8%	37.7%	4.9%	13.0%
0	David Lopez	Houston Christian	SR	47.4%	13.2%	39.5%	5.3%	6.7%
0	Will Howell	Memphis	SO	47.3%	18.2%	34.5%	1.8%	10.5%
0	Matthew Kouser	Northwestern	SO	47.3%	18.2%	34.5%	3.6%	21.1%
0	Aiden Sims	Texas A&M	SO	47.2%	9.4%	43.4%	9.4%	4.3%
0	Corden Pettey	Cal Poly	FR	47.2%	13.9%	38.9%	5.6%	0.0%
0	Zach Sohosky	Miami (OH)	SR	47.1%	15.7%	37.3%	9.8%	5.3%
0	Duke Stone	Mississippi State	SO	47.1%	14.7%	38.2%	2.9%	7.7%
0	Ryan Weaver	Northwestern	GR	46.9%	25.0%	28.1%	4.7%	5.6%
0	Spencer Boynton	Valparaiso	SR	46.9%	20.4%	32.7%	2.0%	6.3%
0	Ben Rabatin	Kent State	SO	46.9%	16.3%	36.7%	4.1%	16.7%
0	Evan Chaffee	St. John’s	JR	46.9%	21.9%	31.3%	1.6%	5.0%
0	Aidan Donovan	Michigan State	SO	46.9%	15.6%	37.5%	4.7%	8.3%
0	Landon Waugh	Morehead State	SO	46.9%	18.8%	34.4%	3.1%	18.2%
0	Andrew Rubayo	Quinnipiac	SR	46.8%	14.9%	38.3%	12.8%	11.1%
0	Max Kaplan	USC Upstate	SO	46.8%	21.0%	32.3%	9.7%	0.0%
0	Daniel Gonzalez	South Alabama	JR	46.8%	17.0%	36.2%	4.3%	11.8%
0	Cooper McMullen	Kennesaw State	SO	46.8%	14.9%	38.3%	6.4%	16.7%
0	Jason Gerfers	Long Beach State	FR	46.8%	19.1%	34.0%	10.6%	6.3%
0	Bryce Coulter	The Citadel	JR	46.7%	13.3%	40.0%	8.3%	4.2%
0	Denver Hamilton	Central Arkansas	JR	46.6%	20.7%	32.8%	5.2%	10.5%
0	Andreas Alvarez	Auburn	SO	46.5%	23.3%	30.2%	0.0%	7.7%
0	Jared Schaeffer	Dallas Baptist	SR	46.4%	23.2%	30.4%	0.0%	11.8%
0	Tadan Bell	East Tennessee State	JR	46.3%	16.7%	37.0%	9.3%	0.0%
0	Braden Gebhardt	Youngstown State	SR	46.3%	16.7%	37.0%	9.3%	0.0%
0	John Damozonio	Saint Mary’s	SR	46.3%	18.5%	35.2%	7.4%	5.3%
0	Kyle Bade	San Diego	SR	46.3%	16.7%	37.0%	1.9%	0.0%
0	Logan Hastings	Maryland	SO	46.3%	19.5%	34.1%	9.8%	0.0%
0	Alec Couture	Monmouth	GR	46.2%	19.2%	34.6%	9.6%	0.0%
0	Wes Mendes	Florida State	JR	46.2%	10.3%	43.6%	17.9%	0.0%
0	Dutch DeProspero	Towson	SR	46.0%	14.0%	40.0%	14.0%	10.0%
0	EJ Miramontes	Northern Kentucky	GR	46.0%	16.0%	38.0%	6.0%	10.5%
0	Drew Turner	UNC Asheville	FR	46.0%	14.0%	40.0%	8.0%	0.0%
0	Tanner Foertsch	Omaha	SO	46.0%	12.0%	42.0%	4.0%	4.8%
0	Owen MacDonnell	La Salle	GR	45.8%	16.7%	37.5%	10.4%	16.7%
0	Jake Moss	Pennsylvania	SR	45.8%	12.5%	41.7%	8.3%	0.0%
0	David James	St. Bonaventure	SR	45.8%	14.6%	39.6%	6.3%	0.0%
0	Jacob Sitton	Tennessee-Martin	SR	45.8%	13.6%	40.7%	8.5%	8.3%
0	Lance Williams	Maryland	SO	45.8%	12.5%	41.7%	12.5%	20.0%
0	Cooper Katskee	Nebraska	JR	45.7%	8.6%	45.7%	8.6%	12.5%
0	Jack Ohman	Yale	SO	45.7%	11.4%	42.9%	11.4%	6.7%
0	Luc Rising	Northeastern	SR	45.5%	6.1%	48.5%	9.1%	6.3%
0	Jack Radel	Notre Dame	JR	45.5%	9.1%	45.5%	6.8%	10.0%
0	Liam Peterson	Florida	JR	45.5%	24.2%	30.3%	9.1%	0.0%
0	Mason Pennington	Southeast Missouri State	SR	45.5%	20.0%	34.5%	9.1%	10.5%
0	Micah Worley	Stony Brook	SR	45.5%	21.2%	33.3%	9.1%	0.0%
0	Niccolas Gregson	UC San Diego	GR	45.3%	15.1%	39.6%	0.0%	23.8%
0	Colter McAnelly	Utah	JR	45.3%	20.8%	34.0%	3.8%	11.1%
0	Charlie Hale	Connecticut	JR	45.3%	18.9%	35.8%	3.8%	5.3%
0	Joe Castrichini	Longwood	GR	45.2%	14.5%	40.3%	4.8%	12.0%
0	Hudson Barrett	Oklahoma State	JR	45.2%	11.9%	45.2%	11.9%	15.8%
0	Connor Kelley	UTSA	JR	45.2%	14.3%	40.5%	7.1%	23.5%
0	Eric Nachtsheim	McNeese	SR	45.2%	14.3%	40.5%	7.1%	11.8%
0	Ty Uber	Notre Dame	GR	45.1%	13.7%	41.2%	9.8%	0.0%
0	Kyle Salvati	Central Connecticut	SR	45.0%	20.0%	35.0%	5.0%	0.0%
0	Matthew O'Brien	UC Riverside	SR	44.9%	16.7%	38.5%	2.6%	10.0%
0	Ben Alekson	Fairfield	JR	44.8%	17.2%	37.9%	10.3%	0.0%
0	Logan Knight	Cincinnati	SR	44.8%	19.0%	36.2%	6.9%	19.0%
0	Luke Jones	Coastal Carolina	SO	44.8%	8.6%	46.6%	13.8%	7.4%
0	Richard De Jesus	UMES	FR	44.8%	15.5%	39.7%	6.9%	13.0%
0	Zach Todd	Pacific	JR	44.7%	12.8%	42.6%	8.5%	15.0%
0	Kyle Calzadiaz	San Jose State	SR	44.7%	15.8%	39.5%	5.3%	6.7%
0	Logan Runde	Iowa	GR	44.7%	21.1%	34.2%	2.6%	15.4%
0	Matt Sauser	UCF	JR	44.7%	12.8%	42.6%	10.6%	0.0%
0	Ben Smith	Houston Christian	SR	44.6%	21.4%	33.9%	10.7%	21.1%
0	Mason Steele	UAB	JR	44.6%	16.1%	39.3%	7.1%	4.5%
0	Ben Gregory	Minnesota	SR	44.4%	31.1%	24.4%	4.4%	0.0%
0	Rob Evans	Miami	SR	44.4%	19.4%	36.1%	5.6%	15.4%
0	Bryce Johnson	Washington	SO	44.4%	14.8%	40.7%	16.7%	13.6%
0	Mason Gass	Ohio	FR	44.3%	21.5%	34.2%	5.1%	3.7%
0	Gavin Kuzniewski	Ohio State	FR	44.2%	21.2%	34.6%	7.7%	11.1%
0	Aidan Stieglitz	Elon	FR	44.2%	18.6%	37.2%	4.7%	6.3%
0	Owen Phypers	Navy	FR	44.2%	18.6%	37.2%	11.6%	12.5%
0	Brady Bendik	Navy	JR	44.1%	16.9%	39.0%	3.4%	4.3%
0	Carter Fink	Niagara	JR	44.1%	15.3%	40.7%	3.4%	16.7%
0	Jonah Johnson	Loyola Marymount	SR	44.1%	20.6%	35.3%	1.5%	16.7%
0	Alex Sotiropoulos	Columbia	SO	44.1%	8.8%	47.1%	8.8%	6.3%
0	Jack Nelson	Arkansas State	GR	44.0%	4.0%	52.0%	6.0%	7.7%
0	Brady Hoover	Longwood	FR	44.0%	28.0%	28.0%	4.0%	7.1%
0	Andrew Evans	Southern Illinois	SR	43.9%	19.3%	36.8%	7.0%	0.0%
0	Andrew Abler	Harvard	JR	43.9%	12.2%	43.9%	4.9%	0.0%
0	Darin Kuskie	Old Dominion	JR	43.9%	17.5%	38.6%	3.5%	9.1%
0	Grant Govel	Southern California	SO	43.9%	10.5%	45.6%	10.5%	3.8%
0	Cayden Suchy	Connecticut	SO	43.9%	26.3%	29.8%	3.5%	5.9%
0	Jayden Barroqueiro	Seton Hall	GR	43.8%	25.0%	31.3%	0.0%	20.0%
0	Champ Davis	Wofford	SR	43.8%	22.9%	33.3%	6.3%	0.0%
0	David Thomas	San Jose State	SR	43.8%	21.9%	34.4%	1.6%	9.1%
0	Noah Andrunas	Saint Louis	JR	43.8%	13.7%	42.5%	1.4%	6.5%
0	Cole Carlon	Arizona State	JR	43.8%	10.4%	45.8%	4.2%	13.6%
0	Nathan Aceves	UC Santa Barbara	SO	43.8%	22.9%	33.3%	4.2%	6.3%
0	Ty Brooks	Indiana State	SO	43.8%	16.4%	39.7%	9.6%	10.3%
0	David Rossow	Campbell	SR	43.6%	17.9%	38.5%	12.8%	6.7%
0	LJ Mercurius	Oklahoma	JR	43.6%	20.5%	35.9%	2.6%	0.0%
0	James Litman	Florida Atlantic	SO	43.6%	16.4%	40.0%	3.6%	9.1%
0	Cooper Allen	UNC Wilmington	JR	43.4%	20.8%	35.8%	1.9%	5.3%
0	Felix Morin	Canisius	SR	43.3%	20.0%	36.7%	1.7%	0.0%
0	Jason DeCaro	North Carolina	JR	43.3%	18.3%	38.3%	10.0%	4.3%
0	Eli Pillsbury	Jacksonville State	SR	43.2%	25.0%	31.8%	6.8%	0.0%
0	Abdriel Figueroa	Southern Indiana	JR	43.1%	17.6%	41.2%	9.8%	4.8%
0	Cam Bagwell	Wake Forest	SO	43.1%	15.5%	41.4%	8.6%	12.5%
0	Brandon Bak	Illinois-Chicago	SR	42.9%	20.0%	37.1%	2.9%	7.7%
0	Cole Fehrman	Saint Joseph’s	SR	42.9%	34.3%	22.9%	5.7%	12.5%
0	Owen Stewart	George Mason	SR	42.9%	21.4%	35.7%	4.8%	6.7%
0	Keegan Johnson	Ball State	JR	42.9%	10.2%	46.9%	6.1%	21.7%
0	Hudson Rowan	Louisiana Tech	JR	42.9%	7.1%	50.0%	1.8%	3.6%
0	Weston Moss	Texas A&M	JR	42.9%	21.4%	35.7%	10.7%	10.0%
0	Michael Yusypchuk	Missouri State	SO	42.9%	16.1%	41.1%	12.5%	13.0%
0	Keenan Anzai	UC Davis	SO	42.9%	23.8%	33.3%	7.1%	0.0%
0	Will Labonte	Portland	FR	42.9%	14.3%	42.9%	10.7%	0.0%
0	Tyler Sausville	Siena	SR	42.6%	7.4%	50.0%	9.3%	14.8%
0	Joe Trombley	UCF	JR	42.6%	23.4%	34.0%	12.8%	6.3%
0	Bromley Thornton	UNC Wilmington	JR	42.6%	20.4%	37.0%	5.6%	5.0%
0	Tate Evans	Yale	SR	42.4%	18.2%	39.4%	9.1%	0.0%
0	Andrew Carroll	Southeast Missouri State	JR	42.4%	22.0%	35.6%	6.8%	28.6%
0	Brian Cadieux	Albany	FR	42.4%	12.1%	45.5%	12.1%	20.0%
0	Lance Davis	TCU	FR	42.3%	30.8%	26.9%	1.9%	14.3%
0	Nolan Sliver	Kennesaw State	SR	42.2%	22.2%	35.6%	2.2%	12.5%
0	Cole Selvig	Minnesota	JR	42.2%	17.8%	40.0%	6.7%	5.6%
0	Maxx Yehl	West Virginia	JR	42.1%	39.5%	18.4%	0.0%	0.0%
0	Ricky Ojeda	UC Irvine	JR	42.1%	22.8%	35.1%	7.0%	10.0%
0	Hunter Dietz	Arkansas	SO	42.1%	36.8%	21.1%	2.6%	0.0%
0	J.J. Gatti	Old Dominion	JR	42.0%	26.0%	32.0%	8.0%	6.3%
0	Andrew Cutler	George Washington	JR	42.0%	10.0%	48.0%	12.0%	16.7%
0	Karsten Sweum	Gonzaga	SO	42.0%	18.0%	40.0%	10.0%	10.0%
0	Jack Messmore	Youngstown State	SR	41.9%	17.7%	40.3%	1.6%	12.0%
0	Max Hansmann	Evansville	SR	41.9%	22.6%	35.5%	3.2%	18.2%
0	Tyler Conklin	Eastern Illinois	GR	41.8%	10.4%	47.8%	10.4%	6.3%
0	Carter DeGondea	Georgia Southern	JR	41.8%	20.0%	38.2%	7.3%	9.5%
0	Cam Staton	Saint Mary’s	JR	41.8%	12.7%	45.5%	7.3%	20.0%
0	Declan Dahl	Louisiana Tech	JR	41.8%	25.5%	32.7%	3.6%	22.2%
0	Michael Senay	South Florida	FR	41.7%	15.0%	43.3%	6.7%	0.0%
0	Oliver Pudvar	Connecticut	JR	41.5%	20.8%	37.7%	3.8%	20.0%
0	James Fordham	Western Carolina	JR	41.5%	17.0%	41.5%	9.4%	4.5%
0	Tyler Guerin	Iowa	SO	41.5%	24.4%	34.1%	2.4%	14.3%
0	Luke Davenport	North Alabama	SO	41.5%	12.2%	46.3%	7.3%	15.8%
0	Luke Meyers	Washington State	SR	41.4%	25.9%	32.8%	8.6%	5.3%
0	Christian Mello	Albany	SO	41.4%	17.2%	41.4%	6.9%	8.3%
0	Tegan Kuhns	Tennessee	SO	41.4%	15.5%	43.1%	10.3%	16.0%
0	Chandler Alderman	Middle Tennessee	JR	41.3%	17.5%	41.3%	6.3%	15.4%
0	Ryan Mealy	Monmouth	SO	41.3%	15.9%	42.9%	4.8%	25.9%
0	Jonah Stepner	UMES	SR	41.3%	21.7%	37.0%	8.7%	23.5%
0	William Schmidt	LSU	SO	41.3%	21.7%	37.0%	2.2%	5.9%
0	Mark Scamardella	New Jersey Tech	GR	41.2%	17.6%	41.2%	5.9%	21.4%
0	Connor Throneberry	Manhattan	GR	41.2%	14.7%	44.1%	20.6%	6.7%
0	Conner Griffin	Binghamton	JR	41.2%	11.8%	47.1%	2.9%	12.5%
0	Josh McDevitt	Missouri	JR	41.2%	8.8%	50.0%	17.6%	11.8%
0	Griffen Paige	Wright State	JR	41.2%	7.8%	51.0%	13.7%	23.1%
0	Trace Hartman	Stetson	JR	41.2%	23.5%	35.3%	5.9%	0.0%
0	Jace Maynard	Texas Southern	SR	41.2%	20.6%	38.2%	8.8%	0.0%
0	Ethan Foley	California	JR	41.2%	20.6%	38.2%	5.9%	3.8%
0	Jake Yeager	Maryland	SO	41.2%	27.5%	31.4%	3.9%	0.0%
0	Brayden Olson	St. Thomas	JR	41.1%	23.2%	35.7%	3.6%	5.0%
0	Carson Timothy	Sacramento State	SO	41.1%	26.8%	32.1%	7.1%	0.0%
0	Corey Costello	Radford	JR	41.0%	17.9%	41.0%	12.8%	18.8%
0	Ricky Kidd	Western Michigan	GR	41.0%	21.3%	37.7%	6.6%	21.7%
0	Marcus Monroe	Saint Peter’s	SO	41.0%	12.8%	46.2%	7.7%	11.1%
0	Jake Marciano	Auburn	SO	41.0%	20.5%	38.5%	5.1%	6.7%
0	Ben Cherico	Saint Louis	SR	40.9%	13.6%	45.5%	2.3%	20.0%
0	Jalen Porter	Arkansas-Pine Bluff	GR	40.9%	13.6%	45.5%	7.6%	13.3%
0	Brady Hoar	Bucknell	FR	40.8%	14.3%	44.9%	8.2%	4.5%
0	Adrian Valdez	San Francisco	JR	40.8%	20.4%	38.8%	6.1%	0.0%
0	Jack Pye	William & Mary	FR	40.8%	18.4%	40.8%	4.1%	15.0%
0	Luke Niemeyer	Lindenwood	FR	40.7%	14.8%	44.4%	9.3%	4.2%
0	Anthony Solis	Eastern Illinois	JR	40.6%	21.9%	37.5%	6.3%	25.0%
0	Sawyer Pruitt	Louisiana	FR	40.6%	21.9%	37.5%	4.7%	8.3%
0	Matt Archibald	Navy	JR	40.5%	23.8%	35.7%	4.8%	6.7%
0	Walker Fuller	Norfolk State	SR	40.4%	12.3%	47.4%	12.3%	14.8%
0	Joe LoPinto	Canisius	JR	40.4%	12.8%	46.8%	4.3%	4.5%
0	Zack Konstantinovsky	Rutgers	SO	40.4%	12.8%	46.8%	4.3%	4.5%
0	Brian Strange	Elon	GR	40.4%	7.7%	51.9%	7.7%	14.8%
0	Nate Kress	Bowling Green	SO	40.4%	23.1%	36.5%	5.8%	0.0%
0	JT Guerrero	Grand Canyon	JR	40.4%	15.4%	44.2%	5.8%	8.7%
0	Ryan Castillo	New Mexico	JR	40.4%	21.3%	38.3%	10.6%	0.0%
0	Mitchell Earle	Le Moyne	FR	40.4%	15.8%	43.9%	8.8%	4.0%
0	Kenyon Collins	Marshall	SO	40.4%	15.4%	44.2%	9.6%	0.0%
0	Dylan Marionneaux	Northwestern State	JR	40.3%	16.1%	43.5%	6.5%	7.4%
0	Ty Madison	South Dakota State	SR	40.3%	22.4%	37.3%	4.5%	12.0%
0	Joshua Caravalho	Houston Christian	SR	40.0%	11.1%	48.9%	6.7%	18.2%
0	Evan Dempsey	Florida Gulf Coast	JR	40.0%	17.8%	42.2%	6.7%	0.0%
0	Jackson Thomas	Washington	GR	40.0%	12.0%	48.0%	6.0%	12.5%
0	Griffin Naess	Cal Poly	JR	40.0%	15.0%	45.0%	11.7%	0.0%
0	Andrew Johnson	Southern California	SO	40.0%	10.0%	50.0%	12.0%	4.0%
0	Nolan Feidt	St. Bonaventure	JR	40.0%	23.3%	36.7%	10.0%	0.0%
0	Conner Johnson	Oral Roberts	SO	40.0%	15.0%	45.0%	6.7%	18.5%
0	Cody Templeton	Stephen F. Austin	SR	39.7%	29.3%	31.0%	13.8%	0.0%
0	Jeremiah Arnett	Rice	SO	39.7%	23.5%	36.8%	4.4%	8.0%
0	Max Bianchini	USC Upstate	JR	39.7%	19.0%	41.4%	5.2%	20.8%
0	Tyler Grenn	Navy	SR	39.6%	29.2%	31.3%	10.4%	0.0%
0	Aidan Keenan	Stanford	JR	39.6%	8.3%	52.1%	2.1%	0.0%
0	Will Holmes	The Citadel	GR	39.5%	13.2%	47.4%	10.5%	5.6%
0	Huxley Holcombe	Cornell	JR	39.5%	28.9%	31.6%	2.6%	8.3%
0	Nicholas Finarelli	Long Island	JR	39.4%	24.2%	36.4%	15.2%	16.7%
0	Luke Howe	Long Beach State	FR	39.4%	26.8%	33.8%	4.2%	4.2%
0	Mikiah Negrete	Cal State Fullerton	SR	39.3%	19.7%	41.0%	6.6%	4.0%
0	Colton Kennedy	Utah Valley	SR	39.2%	13.7%	47.1%	9.8%	0.0%
0	Ty Brachbill	High Point	JR	39.2%	10.8%	50.0%	8.1%	10.8%
0	Casey Euper	Pepperdine	SO	39.2%	17.6%	43.1%	11.8%	0.0%
0	Carter White	Northwestern State	SO	39.2%	19.6%	41.2%	7.8%	14.3%
0	Eddie Sargent	UMBC	SR	39.1%	17.4%	43.5%	6.5%	10.0%
0	Alex Hwang	Yale	SO	39.1%	15.2%	45.7%	10.9%	0.0%
0	Kendall Hoffman	Houston	SO	39.1%	15.6%	45.3%	3.1%	10.3%
0	Alec Bouchard	Wofford	JR	39.0%	12.2%	48.8%	12.2%	10.0%
0	Lucas Boesen	UNC Asheville	SR	38.9%	16.7%	44.4%	13.0%	4.2%
0	Matthew Eagen	Queens (NC)	SO	38.9%	15.3%	45.8%	9.7%	15.2%
0	Titus Von Kapff	Charleston Southern	JR	38.7%	11.3%	50.0%	14.5%	9.7%
0	Garrison Sumner	BYU	SR	38.6%	12.3%	49.1%	5.3%	10.7%
0	Colby Barker	Merrimack	JR	38.6%	20.5%	40.9%	15.9%	0.0%
0	Tanner Nolan	Appalachian State	JR	38.6%	22.7%	38.6%	6.8%	17.6%
0	Luca Alagheband	Harvard	SO	38.6%	20.5%	40.9%	2.3%	5.6%
0	PJ Craig	Rider	SR	38.5%	17.9%	43.6%	5.1%	17.6%
0	Connor Fennell	Vanderbilt	JR	38.5%	15.4%	46.2%	1.9%	16.7%
0	Carter Burnette	Western Carolina	SO	38.5%	19.2%	42.3%	7.7%	18.2%
0	Carson Mayfield	Cornell	SR	38.3%	23.4%	38.3%	4.3%	16.7%
0	Austin Klug	Purdue	SR	38.3%	21.3%	40.4%	6.4%	5.3%
0	Joseph Lee	Samford	SR	38.3%	10.6%	51.1%	17.0%	25.0%
0	Ethan Sanders	Rice	FR	38.3%	13.3%	48.3%	5.0%	10.3%
0	Jacob Jette	UMass Lowell	SR	38.1%	19.0%	42.9%	7.1%	16.7%
0	Miguel Hugas	Mercer	JR	38.1%	20.6%	41.3%	4.8%	3.8%
0	Mason Blasche	Samford	SO	38.1%	17.5%	44.4%	11.1%	21.4%
0	Will Sanford	Oregon	SO	38.1%	11.9%	50.0%	11.9%	0.0%
0	Owen Kramkowski	Arizona	JR	38.0%	12.0%	50.0%	8.0%	12.0%
0	Jacob Price	Eastern Kentucky	JR	38.0%	22.5%	39.4%	4.2%	3.6%
0	Nathan Ries	UC San Diego	SO	38.0%	16.0%	46.0%	10.0%	13.0%
0	Tysen Benford	Georgia State	JR	37.9%	29.3%	32.8%	10.3%	10.5%
0	Brendan Callanan	Iona	JR	37.9%	3.4%	58.6%	10.3%	5.9%
0	Jackson Flora	UC Santa Barbara	JR	37.9%	25.9%	36.2%	15.5%	4.8%
0	Declan Wywoda	George Washington	SO	37.9%	15.5%	46.6%	8.6%	0.0%
0	Sawyer Jensen	Dayton	SO	37.9%	12.1%	50.0%	8.6%	20.7%
0	Thomas Shurtleff	Pennsylvania	SR	37.8%	27.0%	35.1%	13.5%	0.0%
0	Tommy Egan	Troy	SR	37.8%	20.0%	42.2%	4.4%	5.3%
0	Spencer Stearns	SIU Edwardsville	JR	37.7%	14.8%	47.5%	0.0%	20.7%
0	Cole Hansen	Elon	GR	37.5%	17.2%	45.3%	7.8%	10.3%
0	Nick DiRito	Appalachian State	JR	37.5%	30.0%	32.5%	10.0%	0.0%
0	Alex Walsh	Jacksonville	SR	37.5%	21.4%	41.1%	8.9%	0.0%
0	Tommy Kent	Monmouth	SR	37.5%	27.5%	35.0%	0.0%	7.1%
0	Tanner Walker	Florida A&M	SR	37.5%	22.9%	39.6%	12.5%	5.3%
0	Zachary Robinson	UMBC	JR	37.5%	18.8%	43.8%	2.1%	0.0%
0	Esaid Pena	Alabama State	SR	37.5%	29.2%	33.3%	6.3%	6.3%
0	Jake Hembree	Georgia State	SO	37.5%	14.6%	47.9%	10.4%	4.3%
0	Lex Kenny	West Georgia	SR	37.3%	17.9%	44.8%	10.4%	3.3%
0	Will Taylor	Marist	JR	37.2%	7.0%	55.8%	7.0%	8.3%
0	Beau Elson	Fordham	SO	37.1%	27.1%	35.7%	4.3%	4.0%
0	Branton Little	Wofford	SR	37.0%	19.6%	43.5%	15.2%	5.0%
0	Justin Kim	Princeton	SR	37.0%	13.0%	50.0%	6.5%	21.7%
0	Rohan Lettow	San Diego State	JR	37.0%	15.2%	47.8%	8.7%	9.1%
0	Drew Nelson	Brown	FR	37.0%	19.6%	43.5%	8.7%	10.0%
0	Landon Hood	Gonzaga	FR	37.0%	14.8%	48.1%	11.1%	0.0%
0	Jaden Wywoda	Holy Cross	SR	36.9%	18.5%	44.6%	7.7%	6.9%
0	Brendan Garza	Ball State	SO	36.9%	18.5%	44.6%	10.8%	6.9%
0	Trey Power	Alabama State	SO	36.8%	7.0%	56.1%	10.5%	6.3%
0	Ciaran Caughey	Kent State	SR	36.7%	12.2%	51.0%	8.2%	4.0%
0	Steven Svenson	Seton Hall	SO	36.7%	26.5%	36.7%	10.2%	0.0%
0	Shane Sdao	Texas A&M	JR	36.6%	19.7%	43.7%	14.1%	6.5%
0	Tyler Patrick	Fresno State	SO	36.6%	25.4%	38.0%	1.4%	14.8%
0	Trent Hillen	Northwestern State	SR	36.5%	23.1%	40.4%	3.8%	4.8%
0	Gavin Lyons	Texas A&M	SO	36.5%	12.7%	50.8%	7.9%	15.6%
0	Cole Wells	Morehead State	FR	36.5%	23.8%	39.7%	11.1%	4.0%
0	Alex Petrovic	Auburn	SO	36.4%	27.3%	36.4%	0.0%	6.3%
0	Zack Busick	Little Rock	JR	36.4%	22.7%	40.9%	9.1%	5.6%
0	Dominic Voegele	Kansas	JR	36.4%	25.0%	38.6%	2.3%	17.6%
0	Michael Malki	California Baptist	SO	36.4%	12.1%	51.5%	6.1%	11.8%
0	Maddox Meyer	Omaha	SO	36.4%	13.6%	50.0%	9.1%	4.5%
0	Jacob Gutierrez	CSU Bakersfield	SR	36.2%	31.9%	31.9%	8.5%	6.7%
0	Trevor Hansen	UC Irvine	JR	36.2%	24.1%	39.7%	8.6%	0.0%
0	Cristian Mogen	New Mexico	SO	36.2%	24.1%	39.7%	3.4%	13.0%
0	Nick Lewis	Washington State	SO	36.1%	21.3%	42.6%	8.2%	11.5%
0	Dax Whitney	Oregon State	SO	36.1%	19.4%	44.4%	5.6%	12.5%
0	Sam Beck	Omaha	SR	36.0%	16.0%	48.0%	10.0%	12.5%
0	Diego Gutierrez	San Diego	GR	35.9%	5.1%	59.0%	2.6%	17.4%
0	Duke McCarron	Saint Joseph’s	JR	35.9%	10.3%	53.8%	7.7%	14.3%
0	Spencer Seid	Georgetown	GR	35.8%	15.1%	49.1%	9.4%	0.0%
0	Jack Nobe	Xavier	SO	35.8%	17.9%	46.3%	10.4%	9.7%
0	Josh Holst	Air Force	FR	35.8%	18.9%	45.3%	11.3%	8.3%
0	Will Holder	Georgia Southern	FR	35.8%	22.6%	41.5%	15.1%	4.5%
0	Noah Kenney	Washington	JR	35.8%	18.9%	45.3%	17.0%	4.2%
0	Marcus Kruzan	Minnesota	JR	35.7%	9.5%	54.8%	4.8%	4.3%
0	Sam Fairhurst	Lehigh	JR	35.6%	13.3%	51.1%	8.9%	26.1%
0	Joe Sabbath	Rhode Island	JR	35.6%	23.7%	40.7%	6.8%	16.7%
0	Jace Gillmore	Santa Clara	JR	35.6%	20.0%	44.4%	2.2%	10.0%
0	Ty Roman	Louisiana	JR	35.6%	15.3%	49.2%	10.2%	17.2%
0	James Ellis	Saint Peter’s	SR	35.6%	6.7%	60.0%	2.2%	11.1%
0	Noel Valdez	UC Davis	SR	35.5%	22.6%	41.9%	11.3%	7.7%
0	Shane McAlinden	CSU Bakersfield	JR	35.3%	30.9%	33.8%	4.4%	4.3%
0	Kale Hammer	Seattle	SO	35.2%	16.7%	48.1%	14.8%	7.7%
0	Jack Kelley	Villanova	GR	35.2%	27.8%	37.0%	11.1%	15.0%
0	Owen Byberg	Evansville	SR	35.2%	22.2%	42.6%	3.7%	4.3%
0	Cooper Clark	Campbell	SO	35.1%	17.5%	47.4%	10.5%	3.7%
0	Isaiah Magdaleno	Hawaii	JR	35.1%	15.8%	49.1%	10.5%	3.6%
0	Brady Bouchard	Binghamton	SO	35.0%	18.3%	46.7%	3.3%	3.6%
0	Easton Teel	Oral Roberts	SO	35.0%	8.3%	56.7%	5.0%	11.8%
0	Drew Townson	Fresno State	SR	34.9%	22.2%	42.9%	6.3%	18.5%
0	Brayton Thomas	Indiana	SO	34.8%	13.0%	52.2%	10.9%	4.2%
0	Josh Willitts	New Jersey Tech	GR	34.7%	26.5%	38.8%	18.4%	10.5%
0	Tyler Mudd	Boston College	GR	34.6%	15.4%	50.0%	9.6%	7.7%
0	Ryan King	CSU Bakersfield	SO	34.6%	26.9%	38.5%	7.7%	10.0%
0	Mathis Nayral	Kansas	JR	34.6%	15.4%	50.0%	7.7%	3.8%
0	Jack Pineau	Creighton	JR	34.6%	17.3%	48.1%	9.6%	8.0%
0	Kevin Reavey	Army	SO	34.6%	17.3%	48.1%	9.6%	4.0%
0	Christian Keel	Brown	SR	34.5%	3.4%	62.1%	17.2%	5.6%
0	Ethan Hamill	Cornell	SR	34.5%	27.6%	37.9%	13.8%	9.1%
0	Zane Adams	Alabama	JR	34.5%	27.3%	38.2%	7.3%	9.5%
0	Patrick Steitz	VCU	SR	34.5%	24.1%	41.4%	5.2%	8.3%
0	Chase Herrell	Southern California	FR	34.5%	25.5%	40.0%	7.3%	4.5%
0	Collin Clarke	Oregon	JR	34.5%	17.2%	48.3%	3.4%	7.1%
0	Jackson Gowan	Queens (NC)	JR	34.5%	27.3%	38.2%	10.9%	14.3%
0	Ben Winslow	Yale	JR	34.3%	17.1%	48.6%	8.6%	23.5%
0	Liam O'Leary	St. John’s	JR	34.3%	15.7%	50.0%	10.0%	8.6%
0	Evan Blanco	Tennessee	SR	34.2%	21.1%	44.7%	7.9%	5.9%
0	Matthew Delvaux	Mercyhurst	JR	34.1%	20.5%	45.5%	11.4%	5.0%
0	Blake Morningstar	Wake Forest	JR	34.1%	20.5%	45.5%	9.1%	15.0%
0	Brady Sasse	Toledo	SO	34.1%	24.4%	41.5%	12.2%	0.0%
0	David Case	Memphis	GR	34.0%	20.0%	46.0%	6.0%	21.7%
0	A.J. Colarusso	Boston College	SR	34.0%	27.7%	38.3%	4.3%	11.1%
0	AJ Petraitis	Le Moyne	JR	34.0%	16.0%	50.0%	2.0%	28.0%
0	Trajan Lee	Georgetown	GR	34.0%	24.0%	42.0%	6.0%	9.5%
0	Kurt Marton	Sacramento State	JR	34.0%	15.1%	50.9%	18.9%	11.1%
0	Hunter Colagrande	Stony Brook	SO	34.0%	20.8%	45.3%	3.8%	20.8%
0	Carson Byers	Miami (OH)	SR	33.9%	20.3%	45.8%	6.8%	11.1%
0	Erik Hoffberg	Gonzaga	JR	33.9%	16.1%	50.0%	1.8%	14.3%
0	Brayden Gilley	Winthrop	JR	33.9%	22.6%	43.5%	6.5%	11.1%
0	Traig Oughton	Cal State Northridge	JR	33.9%	22.0%	44.1%	8.5%	15.4%
0	Gianni Gambardella	Maine	SR	33.8%	17.6%	48.5%	7.4%	15.2%
0	Matthew Mariano	Albany	SR	33.3%	12.1%	54.5%	18.2%	0.0%
0	Alex Lyon	College of Charleston	SR	33.3%	10.0%	56.7%	11.7%	5.9%
0	Sam Schlecht	South Dakota State	SR	33.3%	19.6%	47.1%	11.8%	4.2%
0	Jake Hilton	Saint Mary’s	GR	33.3%	18.8%	47.9%	12.5%	0.0%
0	Peter Dubie	Brown	SR	33.3%	16.7%	50.0%	16.7%	5.6%
0	Jonah Walker	North Dakota State	SR	33.3%	17.8%	48.9%	4.4%	9.1%
0	Alexander Llinas	Lipscomb	SR	33.3%	27.8%	38.9%	3.7%	14.3%
0	Ross Norman	Coastal Carolina	JR	33.3%	18.5%	48.1%	11.1%	15.4%
0	Luke Parise	Saint Joseph’s	JR	33.3%	17.6%	49.0%	11.8%	8.0%
0	Beau Beaty	Prairie View	SR	33.3%	14.8%	51.9%	7.4%	0.0%
0	Colin Linder	Arizona State	JR	33.3%	22.2%	44.4%	6.7%	5.0%
0	Bryan Matuschat	Sacred Heart	SO	33.3%	21.0%	45.7%	4.9%	16.2%
0	Cade Townsend	Ole Miss	SO	33.3%	24.2%	42.4%	12.1%	0.0%
0	Ethan Kleinschmit	Oregon State	JR	33.3%	17.8%	48.9%	2.2%	22.7%
0	Luka Pintar	San Jose State	SO	32.8%	20.3%	46.9%	4.7%	6.7%
0	Andrew Herrmann	Louisiana	GR	32.7%	22.4%	44.9%	10.2%	18.2%
0	Kai Leckszas	Georgetown	SR	32.7%	16.3%	51.0%	16.3%	4.0%
0	Ethan Norby	East Carolina	JR	32.7%	29.1%	38.2%	5.5%	14.3%
0	Gage Peterson	Appalachian State	JR	32.7%	20.4%	46.9%	12.2%	4.3%
0	Carter Cox	Northern Illinois	SO	32.7%	16.3%	51.0%	8.2%	20.0%
0	Jake Cumming	Coppin State	JR	32.6%	16.3%	51.2%	11.6%	4.5%
0	Chase Hanawalt	Fordham	SO	32.6%	20.9%	46.5%	4.7%	15.0%
0	Eli DeRossi	Mount St. Mary’s	JR	32.6%	11.6%	55.8%	11.6%	16.7%
0	Caden Crowell	Notre Dame	FR	32.6%	23.3%	44.2%	7.0%	10.5%
0	Aric Ehmke	Milwaukee	SR	32.4%	19.1%	48.5%	5.9%	12.1%
0	Ben Plumley	Illinois	SR	32.3%	20.0%	47.7%	7.7%	12.9%
0	Zach Evenson	Mercyhurst	GR	32.3%	12.9%	54.8%	12.9%	5.9%
0	Collin Aloisio	Sam Houston	FR	32.2%	20.3%	47.5%	10.2%	0.0%
0	Jaxon Lloyd	Longwood	GR	32.1%	23.2%	46.4%	19.6%	3.8%
0	Derek Arrocha	Jackson State	JR	32.1%	17.9%	50.0%	10.7%	10.7%
0	Kevin Reed	Evansville	JR	32.0%	18.0%	50.0%	6.0%	12.0%
0	Izzy Parsky	Dartmouth	FR	31.4%	28.6%	40.0%	11.4%	7.1%
0	Tommy Scavone	Pepperdine	GR	31.3%	25.0%	43.8%	2.1%	9.5%
0	Daniel Cohen	Yale	SR	31.3%	16.7%	52.1%	6.3%	12.0%
0	Will Turner	Tennessee-Martin	JR	31.3%	10.4%	58.3%	10.4%	14.3%
0	Easton Tumis	Kent State	SO	31.3%	20.9%	47.8%	1.5%	3.1%
0	Joey Ruller	Queens (NC)	JR	31.3%	22.4%	46.3%	4.5%	12.9%
0	Jorhan LaBoy	Alabama State	JR	31.0%	21.1%	47.9%	9.9%	8.8%
0	Daniel Powell	Kennesaw State	JR	31.0%	24.1%	44.8%	6.9%	0.0%
0	Jake Francis	Villanova	JR	30.8%	24.6%	44.6%	10.8%	0.0%
0	Nathan Love	Oral Roberts	SR	30.8%	19.2%	50.0%	9.6%	11.5%
0	Payton Riske	Utah	JR	30.6%	22.6%	46.8%	6.5%	0.0%
0	Callen Powers	Massachusetts	JR	30.6%	26.5%	42.9%	6.1%	4.8%
0	Tyler Hartley	Marist	JR	30.4%	17.4%	52.2%	6.5%	4.2%
0	Anthony Mateo	Alabama A&M	JR	30.4%	27.2%	42.4%	10.9%	7.7%
0	Jake Fields	Long Beach State	SO	30.4%	17.4%	52.2%	19.6%	4.2%
0	Aidan Brainard	Nevada	SR	30.4%	26.8%	42.9%	3.6%	8.3%
0	Jarvis Evans	Purdue	SR	30.0%	24.0%	46.0%	4.0%	17.4%
0	Tomas Lopez	Columbia	JR	30.0%	10.0%	60.0%	3.3%	16.7%
0	Hunter Elliott	Ole Miss	SR	29.7%	18.9%	51.4%	18.9%	21.1%
0	Owen Marsolek	St. Thomas	FR	29.7%	18.8%	51.6%	9.4%	6.1%
0	Hayden Lewis	Washington	SR	29.4%	29.4%	41.2%	5.9%	9.5%
0	James Lordi	Long Island	JR	29.3%	19.5%	51.2%	12.2%	19.0%
0	Gunnar Nichols	Washington	SR	29.3%	17.1%	53.7%	9.8%	9.1%
0	Wyatt Danilowicz	Louisville	SR	29.3%	24.4%	46.3%	7.3%	10.5%
0	Gavin Blachowicz	Nebraska	SO	29.3%	19.5%	51.2%	17.1%	14.3%
0	Hayden Tarsia	Binghamton	JR	29.2%	12.5%	58.3%	2.1%	10.7%
0	Thomas Santana	Columbia	SR	28.9%	26.3%	44.7%	21.1%	11.8%
0	Drew Munn	Charlotte	SR	28.9%	13.3%	57.8%	11.1%	3.8%
0	Nate Bennett	Niagara	SO	28.9%	15.6%	55.6%	11.1%	0.0%
0	Brady Kehlenbrink	Missouri	SO	28.9%	24.4%	46.7%	8.9%	9.5%
0	Clayton Burke	Miami (OH)	GR	28.6%	12.2%	59.2%	16.3%	10.3%
0	Max Vaisvila	Northern Illinois	SR	28.3%	28.3%	43.5%	6.5%	15.0%
0	Nick Baffa	Valparaiso	SO	28.3%	26.1%	45.7%	8.7%	23.8%
0	Gabe Gaeckle	Arkansas	JR	28.0%	34.0%	38.0%	8.0%	15.8%
0	Brandon Kosel	Utah Tech	JR	28.0%	22.0%	50.0%	16.0%	8.0%
0	Maddux Frese	Iowa	JR	27.8%	14.8%	57.4%	9.3%	6.5%
0	Joey Giordano	Richmond	SO	27.8%	25.9%	46.3%	5.6%	8.0%
0	Kenney Fabian	Arkansas-Pine Bluff	SR	27.8%	22.2%	50.0%	9.7%	8.3%
0	Alec Belardes	San Diego State	SO	27.6%	19.0%	53.4%	8.6%	9.7%
0	Chris Levonas	Wake Forest	SO	27.6%	10.3%	62.1%	13.8%	11.1%
0	Kenton Deverman	Evansville	JR	27.5%	15.9%	56.5%	10.1%	20.5%
0	Ethan Sutton	South Florida	SO	27.5%	22.5%	50.0%	7.5%	10.0%
0	Tripp Patterson	North Alabama	SO	27.5%	15.9%	56.5%	7.2%	10.3%
0	Jaxon Shineflew	South Alabama	JR	27.3%	18.2%	54.5%	9.1%	0.0%
0	Chris Diaz	Florida Gulf Coast	JR	27.1%	10.4%	62.5%	14.6%	3.3%
0	Sam Cozart	Texas	FR	27.0%	5.4%	67.6%	24.3%	8.0%
0	Bryce Riggs	Eastern Illinois	JR	26.9%	15.4%	57.7%	21.2%	0.0%
0	Oliver Ellison	Gardner-Webb	JR	26.8%	26.8%	46.5%	8.5%	3.0%
0	Zac Laviage	Texas Southern	SO	26.7%	13.3%	60.0%	20.0%	7.4%
0	Eli Nissen	Creighton	SO	26.5%	28.6%	44.9%	10.2%	9.1%
0	Sean Hamilton	Hofstra	SR	26.4%	20.8%	52.8%	3.8%	3.6%
0	Camden Matthews	Alabama State	FR	26.2%	26.2%	47.6%	11.9%	10.0%
0	Edwin Sanchez	Bethune-Cookman	SR	26.2%	14.3%	59.5%	19.0%	8.0%
0	Ethan Blakeney	Norfolk State	JR	26.1%	15.2%	58.7%	19.6%	7.4%
0	Jaxon Lucas	Liberty	JR	25.9%	16.7%	57.4%	11.1%	3.2%
0	Nate Taylor	Vanderbilt	SO	25.6%	20.5%	53.8%	5.1%	19.0%
0	Brett Lanman	Abilene Christian	JR	25.5%	17.6%	56.9%	7.8%	6.9%
0	Kenny Michaels	Wofford	JR	25.5%	17.6%	56.9%	11.8%	10.3%
0	Max Winders	Butler	SO	25.4%	20.6%	54.0%	12.7%	11.8%
0	Andrew Wertz	Northeastern	GR	25.0%	20.8%	54.2%	6.3%	7.7%
0	Jason Krieger	Maine	JR	25.0%	25.0%	50.0%	7.4%	11.8%
0	Ashton Johnson	BYU	SR	25.0%	31.7%	43.3%	10.0%	3.8%
0	Justin DeCastro	Long Island	SR	24.5%	24.5%	51.0%	6.1%	8.0%
0	Gage Wheaton	Niagara	JR	24.5%	28.6%	46.9%	8.2%	4.3%
0	Cade Williams	UMES	GR	23.5%	23.5%	52.9%	7.8%	3.7%
0	Scott Doran	Coastal Carolina	SO	23.3%	18.6%	58.1%	7.0%	8.0%
0	Christian Aiello	Rider	SR	22.2%	11.1%	66.7%	14.8%	11.1%
0	Aidan von Zuben	Pennsylvania	SO	21.4%	28.6%	50.0%	10.7%	0.0%
0	Hunter Hoxie	Fairfield	SO	20.9%	23.3%	55.8%	14.0%	4.2%
0	Luke Earnhardt	Winthrop	JR	19.6%	30.4%	50.0%	10.9%	4.3%
0	Clayton Poliey	Rider	SR	19.4%	16.7%	63.9%	11.1%	4.3%
0	Tate Marland	Belmont	JR	18.4%	18.4%	63.3%	16.3%	6.5%
0	Jacob Hines	Central Connecticut	SO	13.0%	30.4%	56.5%	21.7%	0.0%
