Qual.	Player	Team	Class	W	L	ERA	APP	GS	CG	SHO	SV	IP	H	R	ER	BB	K	HBP	BA
0	Mason Edwards	Southern California	JR	5	0	0.25	6	6	0	0	0	36.0	7	1	1	14	64	2	.060
0	Colby Barker	Merrimack	JR	5	0	0.35	5	1	1	0	0	25.2	20	2	1	8	28	1	.192
0	Matt Sauser	UCF	JR	2	1	0.64	5	5	0	0	0	28.0	13	3	2	7	20	2	.137
0	Michael Senay	South Florida	FR	4	0	0.68	6	5	0	0	0	39.2	23	5	3	5	35	3	.172
0	Grant Govel	Southern California	SO	6	0	0.69	6	6	0	0	0	39.0	17	4	3	4	41	1	.130
0	Maxx Yehl	West Virginia	JR	4	0	0.84	6	6	0	0	0	32.0	21	6	3	11	44	6	.189
0	Andreas Alvarez	Auburn	SO	4	1	0.85	6	6	0	0	0	31.2	21	7	3	10	45	2	.193
0	Jackson Flora	UC Santa Barbara	JR	5	0	0.94	6	6	0	0	0	38.1	20	4	4	10	51	4	.152
0	Jake Marciano	Auburn	SO	3	0	1.00	6	6	0	0	0	36.0	16	4	4	4	51	8	.132
0	Matthew Mariano	Albany	SR	1	0	1.03	6	0	0	0	1	26.1	14	5	3	8	18	1	.163
0	Dax Whitney	Oregon State	SO	4	0	1.04	6	6	0	0	0	34.2	19	5	4	13	65	1	.161
0	Tomas Valincius	Mississippi State	SO	5	0	1.04	6	6	0	0	0	34.2	21	6	4	9	47	3	.174
0	Brody Trosclair	Northwestern State	FR	3	1	1.04	8	2	0	0	1	26.0	21	7	3	6	43	4	.208
0	Eli Pillsbury	Jacksonville State	SR	4	0	1.07	6	6	0	0	0	33.2	22	5	4	6	36	4	.190
0	Chris Olivier	Lamar	SR	4	0	1.17	6	6	0	0	0	38.1	20	6	5	12	52	2	.149
0	Braden Gebhardt	Youngstown State	SR	1	1	1.18	6	6	0	0	0	38.0	23	9	5	10	47	4	.172
0	Aidan King	Florida	SO	3	2	1.27	6	6	0	0	0	28.1	22	12	4	7	30	3	.210
0	Cooper Allen	UNC Wilmington	JR	5	0	1.29	6	6	0	0	0	35.0	23	5	5	3	37	2	.183
0	Gage Peterson	Appalachian State	JR	3	0	1.35	6	6	0	0	0	33.1	20	10	5	15	47	2	.171
0	Dylan Volantis	Texas	SO	2	0	1.35	6	6	0	0	0	33.1	22	6	5	12	44	2	.180
0	Hunter Sipe	VMI	SR	3	0	1.36	12	1	0	0	1	33.0	21	6	5	3	34	2	.181
0	Luc Rising	Northeastern	SR	1	2	1.37	5	3	0	0	0	26.1	15	7	4	5	25	4	.161
0	Carter Harrington	College of Charleston	FR	1	2	1.37	6	5	0	0	0	26.1	25	9	4	13	25	2	.253
0	Michael Addari	Illinois State	JR	3	0	1.38	6	3	0	0	0	26.0	20	9	4	8	29	3	.222
0	Sawyer Pruitt	Louisiana	FR	2	1	1.42	9	5	0	0	1	38.0	30	8	6	9	41	1	.216
0	Will Sanford	Oregon	SO	4	0	1.44	6	6	0	0	0	31.1	14	7	5	15	44	5	.131
0	Lucas Hartman	Virginia	GR	4	0	1.47	15	0	0	0	0	30.2	21	11	5	9	32	1	.196
0	Ben Blair	Liberty	JR	3	1	1.53	6	6	0	0	0	35.1	19	6	6	4	50	3	.152
0	Charlie Hale	Connecticut	JR	4	0	1.53	10	3	0	0	1	35.1	27	7	6	11	32	1	.211
0	Ben Alekson	Fairfield	JR	1	1	1.57	6	6	0	0	0	34.1	30	8	6	11	34	2	.236
0	Daniel Powell	Kennesaw State	JR	4	1	1.57	10	0	0	0	2	23.0	13	5	4	9	25	1	.173
0	Ruger Riojas	Texas	SR	4	0	1.59	7	7	1	1	0	39.2	27	7	7	7	64	2	.186
0	Wes Mendes	Florida State	JR	5	1	1.59	6	6	1	1	0	34.0	19	10	6	10	46	1	.165
0	Sam Simmons	UTSA	SR	5	1	1.63	10	0	0	0	2	27.2	23	6	5	8	19	2	.217
0	Jason DeCaro	North Carolina	JR	5	1	1.65	6	6	1	1	0	32.2	29	10	6	15	27	4	.244
0	Eric Segura	Oregon State	JR	2	1	1.69	6	6	0	0	0	26.2	23	7	5	12	34	5	.237
0	Seth Benes	Lindenwood	JR	1	1	1.73	6	6	0	0	0	36.1	22	8	7	18	32	0	.177
0	Ryan Peterson	Sam Houston	JR	2	3	1.80	6	6	0	0	0	35.0	24	9	7	8	51	2	.194
0	Tanner Walker	Florida A&M	SR	2	0	1.80	9	0	0	0	1	25.0	17	6	5	8	21	5	.205
0	Nate Bennett	Niagara	SO	2	0	1.80	5	5	0	0	0	25.0	17	6	5	11	32	3	.200
0	Tyler Weimer	Arkansas State	SO	3	0	1.82	11	0	0	0	1	29.2	19	7	6	9	30	1	.178
0	Gavin Van Kempen	East Carolina	SR	1	1	1.84	6	6	0	0	0	29.1	16	8	6	9	45	3	.157
0	Liam Watt	Dallas Baptist	SR	3	1	1.84	13	1	0	0	1	29.1	25	6	6	4	23	1	.240
0	Carson Turnquist	Cal Poly	JR	2	0	1.85	5	3	0	0	0	24.1	15	5	5	12	22	5	.172
0	Owen Quinn	Ball State	SR	2	0	1.88	7	0	0	0	0	24.0	24	6	5	6	16	2	.276
0	Brandon Kosel	Utah Tech	JR	2	0	1.88	6	6	0	0	0	28.2	19	9	6	9	24	1	.188
0	Caylon Dygert	UT Arlington	JR	3	1	1.91	6	6	0	0	0	37.2	29	11	8	13	24	1	.206
0	Jaxon Lloyd	Longwood	GR	4	0	1.95	6	6	0	0	0	37.0	27	9	8	10	44	3	.200
0	Max Bayles	Santa Clara	JR	2	0	1.98	6	6	0	0	0	27.1	15	6	6	19	47	1	.160
0	Jaxon Shineflew	South Alabama	JR	3	0	2.00	8	0	0	0	2	27.0	16	7	6	7	32	1	.170
0	Patrick Steitz	VCU	SR	3	0	2.00	6	6	0	0	0	36.0	22	8	8	8	34	2	.175
0	Ryan Marohn	NC State	JR	4	0	2.02	5	5	0	0	0	26.2	20	10	6	12	36	3	.217
0	Sean Jenkins	East Carolina	SO	2	1	2.02	11	0	0	0	3	26.2	21	8	6	7	38	1	.210
0	Chris Levonas	Wake Forest	SO	5	1	2.05	6	6	0	0	0	30.2	16	8	7	12	56	1	.147
0	Jack Radel	Notre Dame	JR	3	1	2.06	6	6	1	1	0	35.0	18	12	8	6	44	1	.143
0	Will Labonte	Portland	FR	1	0	2.08	6	5	0	0	0	30.1	26	7	7	14	25	0	.239
0	Cooper Katskee	Nebraska	JR	3	0	2.10	8	3	0	0	2	25.2	15	7	6	4	34	2	.165
0	Andrew Evans	Southern Illinois	SR	3	0	2.12	6	6	0	0	0	34.0	23	11	8	14	35	1	.195
0	Josh Newell	Lindenwood	SR	2	2	2.13	6	6	0	0	0	38.0	32	12	9	8	22	1	.224
0	Alec Bouchard	Wofford	JR	3	2	2.15	6	6	0	0	0	29.1	28	8	7	13	33	3	.241
0	Bradley Zayac	Liberty	SO	3	0	2.16	6	5	0	0	0	33.1	28	8	8	5	33	2	.235
0	Edwin Sanchez	Bethune-Cookman	SR	5	1	2.20	6	6	0	0	0	32.2	21	8	8	14	39	1	.183
0	Jacob Sitton	Tennessee-Martin	SR	2	1	2.21	6	6	1	0	0	36.2	34	17	9	18	34	5	.243
0	Camden Sunstrom	Southern Miss	SO	2	1	2.22	10	1	0	0	1	28.1	28	8	7	3	32	2	.257
0	Ethan Lay	Sacramento State	SR	2	1	2.27	7	7	1	1	0	39.2	30	15	10	4	49	1	.197
0	Andrew Johnson	Southern California	SO	2	0	2.27	6	6	0	0	0	31.2	22	8	8	11	38	1	.190
0	Dylan Vigue	Georgia	JR	3	1	2.30	6	6	1	1	0	27.1	17	7	7	9	34	3	.181
0	Daniel Quintana	Radford	JR	3	1	2.31	7	0	0	0	0	23.1	23	7	6	6	22	3	.258
0	Bryce Riggs	Eastern Illinois	JR	3	0	2.31	6	5	1	1	1	35.0	19	9	9	11	40	3	.156
0	Ty Brooks	Indiana State	SO	4	0	2.31	7	7	0	0	0	39.0	23	10	10	10	27	4	.167
0	Amp Phillips	South Carolina	JR	2	2	2.32	6	6	0	0	0	31.0	21	9	8	14	29	0	.193
0	Joey Giordano	Richmond	SO	5	0	2.32	5	5	0	0	0	31.0	22	10	8	8	32	2	.198
0	Caden Glauber	North Carolina	FR	2	0	2.33	10	1	0	0	1	27.0	15	10	7	12	37	3	.161
0	Ciaran Caughey	Kent State	SR	2	0	2.35	6	6	0	0	0	30.2	21	11	8	6	39	6	.186
0	Luke Niemeyer	Lindenwood	FR	0	2	2.35	6	5	0	0	0	30.2	27	13	8	7	16	3	.243
0	Luke Harrison	Texas	GR	3	0	2.37	6	6	0	0	0	30.1	26	12	8	12	31	5	.230
0	Chet Lax	Wright State	JR	4	0	2.37	7	4	0	0	0	30.1	23	9	8	5	25	3	.204
0	Evan Dempsey	Florida Gulf Coast	JR	3	1	2.39	6	6	2	2	0	37.2	23	11	10	10	54	5	.176
0	Brandon Stone	South Carolina	JR	3	1	2.39	8	3	0	0	0	26.1	24	8	7	10	27	2	.235
0	Liam O'Leary	St. John’s	JR	2	2	2.39	6	6	0	0	0	37.2	34	12	10	10	24	3	.246
0	Nathan Leininger	Toledo	SR	4	0	2.41	6	6	0	0	0	37.1	24	11	10	14	36	1	.178
0	Ryan Castillo	New Mexico	JR	4	1	2.41	6	6	0	0	0	33.2	22	11	9	14	42	1	.188
0	Kevin Reavey	Army	SO	2	2	2.45	6	5	0	0	1	33.0	23	9	9	16	21	3	.205
0	Ryan McPherson	Mississippi State	SO	2	0	2.45	6	6	0	0	0	33.0	26	11	9	6	40	1	.213
0	Michael Sharman	Clemson	SR	4	1	2.48	6	6	1	0	0	32.2	19	12	9	5	30	2	.160
0	Owen Phypers	Navy	FR	3	2	2.51	5	5	0	0	0	28.2	23	8	8	8	27	3	.223
0	Mikiah Negrete	Cal State Fullerton	SR	3	2	2.52	6	6	0	0	0	35.2	42	10	10	5	37	4	.302
0	Brady Bendik	Navy	JR	2	3	2.52	6	6	0	0	0	35.2	32	13	10	14	42	1	.239
0	Ryne Rodriguez	Houston	SR	0	0	2.55	10	0	0	0	2	24.2	17	8	7	13	29	3	.198
0	Lex Kenny	West Georgia	SR	3	1	2.57	7	5	0	0	0	35.0	27	12	10	13	19	4	.218
0	Collin Valentine	Pepperdine	JR	1	2	2.59	6	6	0	0	0	31.1	33	13	9	9	14	3	.275
0	Steven Cash	Jacksonville State	SR	2	1	2.60	6	6	0	0	0	27.2	21	8	8	7	32	4	.210
0	Raymond Ladd	Radford	SO	1	0	2.62	6	6	0	0	0	24.0	18	8	7	8	24	4	.202
0	Harbersting Abreu	Bethune-Cookman	JR	2	1	2.63	6	6	0	0	0	27.1	29	10	8	10	28	2	.271
0	Spencer Seid	Georgetown	GR	4	1	2.67	6	6	0	0	0	33.2	21	12	10	12	39	5	.176
0	Andrelys Payamps	Iona	GR	0	3	2.67	5	5	0	0	0	27.0	17	12	8	16	36	5	.187
0	Michael Malki	California Baptist	SO	5	0	2.67	8	7	0	0	0	30.1	19	10	9	19	47	3	.178
0	Gavin Eddy	California	SO	3	1	2.70	6	6	0	0	0	33.1	27	12	10	8	32	4	.225
0	Oliver de la Torre	California	JR	1	3	2.70	6	6	0	0	0	30.0	23	14	9	10	32	4	.215
0	Marty Coyne	Pennsylvania	JR	2	2	2.70	5	5	0	0	0	30.0	23	9	9	4	26	5	.215
0	Colin Fisher	Arkansas	JR	2	2	2.70	6	6	1	1	0	30.0	21	11	9	7	38	2	.191
0	Brannon Westmoreland	Little Rock	JR	3	0	2.70	6	6	0	0	0	36.2	28	11	11	8	31	0	.206
0	Branton Little	Wofford	SR	2	1	2.73	10	1	0	0	1	26.1	28	13	8	3	23	2	.267
0	Evan Blanco	Tennessee	SR	2	2	2.73	6	6	0	0	0	33.0	19	11	10	15	44	5	.165
0	Trace Hartman	Stetson	JR	2	3	2.73	7	3	0	0	0	26.1	21	11	8	10	23	0	.214
0	Easton Teel	Oral Roberts	SO	1	1	2.73	6	6	0	0	0	33.0	29	11	10	7	30	4	.232
0	Mason Pennington	Southeast Missouri State	SR	5	0	2.76	6	6	0	0	0	32.2	27	14	10	11	36	3	.225
0	Ean DiPasquale	Southern Indiana	SO	2	0	2.77	8	4	1	1	1	26.0	17	9	8	9	19	5	.187
0	Cam Bagwell	Wake Forest	SO	2	0	2.77	7	5	1	1	0	26.0	19	13	8	10	27	4	.196
0	Matthew Kouser	Northwestern	SO	1	3	2.77	7	4	0	0	0	26.0	17	17	8	16	20	2	.185
0	Zach Todd	Pacific	JR	1	0	2.79	6	5	0	0	0	29.0	21	10	9	18	38	4	.208
0	Collin Clarke	Oregon	JR	4	1	2.79	6	6	1	0	0	38.2	23	12	12	7	43	7	.174
0	John Damozonio	Saint Mary’s	SR	3	1	2.81	6	6	0	0	0	32.0	27	13	10	8	31	10	.229
0	Isaiah Magdaleno	Hawaii	JR	3	1	2.82	6	6	0	0	0	38.1	24	14	12	12	44	4	.180
0	Brendon Miller	Fairfield	SO	1	1	2.82	6	4	0	0	0	22.1	20	13	7	14	27	5	.230
0	Kide Adetuyi	Florida Atlantic	SO	1	1	2.83	8	5	0	0	0	28.2	23	11	9	14	38	1	.217
0	Kros Sivley	Southern Miss	SR	3	0	2.84	11	0	0	0	1	25.1	21	8	8	4	27	2	.216
0	Camden Wicker	UCF	JR	2	1	2.84	6	6	0	0	0	25.1	14	9	8	11	21	5	.159
0	Champ Davis	Wofford	SR	2	0	2.86	11	1	0	0	3	28.1	32	11	9	14	29	5	.286
0	Gavin Blachowicz	Nebraska	SO	2	1	2.86	6	6	1	0	0	28.1	20	13	9	9	37	7	.206
0	Bryan Peck	California Baptist	GR	3	0	2.87	6	6	0	0	0	31.1	29	11	10	9	36	3	.242
0	Gabe Gaeckle	Arkansas	JR	3	1	2.87	6	6	0	0	0	31.1	34	13	10	11	38	1	.274
0	Dylan Farley	Arkansas State	GR	3	1	2.88	6	6	0	0	0	25.0	22	10	8	10	18	3	.237
0	Hekili Robello	Hawaii	JR	4	1	2.91	6	6	0	0	0	34.0	30	17	11	5	36	6	.229
0	Landon Hood	Gonzaga	FR	2	1	2.92	6	2	0	0	1	24.2	17	9	8	10	34	5	.187
0	Jaxon Jelkin	Kentucky	JR	5	0	2.94	6	6	0	0	0	33.2	25	12	11	8	37	1	.208
0	Carter Monke	Michigan State	GR	3	1	2.94	6	6	0	0	0	33.2	34	13	11	10	23	4	.260
0	Elijah Griffith	Akron	JR	2	1	2.94	6	6	0	0	0	33.2	28	15	11	8	21	7	.222
0	Regan Hall	Illinois	JR	3	2	2.95	6	6	0	0	0	36.2	31	17	12	6	30	6	.226
0	Alex Lyon	College of Charleston	SR	1	1	2.96	9	0	0	0	1	27.1	25	10	9	2	12	4	.240
0	Carson Revay	Pacific	JR	3	1	2.96	9	0	0	0	2	24.1	22	10	8	7	29	3	.237
0	Rohan Lettow	San Diego State	JR	3	0	2.97	6	6	0	0	0	33.1	28	15	11	13	44	2	.224
0	Alex Petrovic	Auburn	SO	4	1	2.97	6	6	0	0	0	30.1	24	11	10	7	35	1	.212
0	Bromley Thornton	UNC Wilmington	JR	3	2	2.97	6	6	2	1	0	30.1	23	10	10	11	27	9	.209
0	Logan Reddemann	UCLA	JR	6	0	2.97	6	6	0	0	0	33.1	31	11	11	5	47	2	.238
0	Jesus Tovar	Texas State	JR	5	1	2.97	6	6	0	0	0	30.1	19	11	10	11	29	10	.186
0	Luke Jones	Coastal Carolina	SO	1	1	2.97	6	6	0	0	0	30.1	25	10	10	12	25	8	.225
0	Brady LeJeune-DeAcutis	UMBC	GR	0	3	3.00	5	4	0	0	0	27.0	22	14	9	10	16	5	.220
0	Kai Leckszas	Georgetown	SR	4	2	3.00	6	6	0	0	0	30.0	27	11	10	9	29	4	.241
0	Tysen Benford	Georgia State	JR	2	1	3.00	6	5	0	0	0	30.0	28	13	10	9	20	5	.246
0	Jonathan Adelmann	Bucknell	JR	1	3	3.00	5	5	0	0	0	27.0	19	15	9	15	26	3	.198
0	Drew Turner	UNC Asheville	FR	3	3	3.00	8	4	1	0	2	33.0	23	13	11	17	44	1	.205
0	William Schmidt	LSU	SO	3	1	3.00	6	6	0	0	0	30.0	23	11	10	9	46	3	.205
0	Hayden Frey	Toledo	FR	1	0	3.00	6	2	1	0	1	27.0	23	9	9	11	21	4	.232
0	Tomas Lopez	Columbia	JR	0	2	3.06	4	4	0	0	0	17.2	15	6	6	8	13	1	.227
0	Colby Allen	Southern Miss	SR	1	1	3.07	7	5	0	0	0	29.1	36	14	10	9	27	1	.305
0	Ben Winslow	Yale	JR	1	3	3.08	6	0	0	0	0	26.1	23	11	9	2	35	3	.232
0	Matthew Cuccias	Wichita State	JR	2	0	3.08	6	5	0	0	1	26.1	14	11	9	11	31	3	.154
0	Ben Cherico	Saint Louis	SR	2	1	3.09	6	6	0	0	0	32.0	25	15	11	14	32	6	.216
0	Tate Evans	Yale	SR	2	1	3.09	10	0	0	0	1	23.1	26	10	8	6	27	5	.274
0	Rob Evans	Miami	SR	5	1	3.09	6	5	0	0	0	31.1	19	9	11	12	43	2	.171
0	Matt Archibald	Navy	JR	3	3	3.09	6	6	0	0	0	35.0	26	12	12	16	51	2	.208
0	Aidan Donovan	Michigan State	SO	1	1	3.13	6	6	0	0	0	31.2	35	14	11	9	22	3	.285
0	Jacob Gutierrez	CSU Bakersfield	SR	2	1	3.14	10	0	0	0	2	28.2	22	11	10	9	31	5	.222
0	Eric Nachtsheim	McNeese	SR	3	1	3.18	7	4	1	0	1	34.0	26	15	12	12	53	1	.203
0	Max Vaisvila	Northern Illinois	SR	4	0	3.19	6	6	1	0	0	36.2	30	13	13	8	36	4	.222
0	Cole Carlon	Arizona State	JR	2	1	3.19	6	6	0	0	0	31.0	20	12	11	14	48	0	.180
0	Josh McDevitt	Missouri	JR	3	1	3.19	6	6	0	0	0	31.0	16	11	11	20	40	4	.157
0	Andrew Herrmann	Louisiana	GR	3	1	3.20	6	6	2	1	0	39.1	22	18	14	16	49	6	.161
0	John Chambers	Ball State	SR	3	3	3.20	7	1	0	0	0	25.1	22	14	9	14	30	3	.232
0	Chase Richter	Arkansas State	GR	2	2	3.21	7	6	0	0	0	33.2	28	13	12	6	37	4	.224
0	Ty Holman	Saint Louis	SO	2	1	3.24	6	6	0	0	0	25.0	19	9	9	16	29	4	.207
0	Gabe LeBlanc	Stephen F. Austin	SR	1	1	3.24	6	6	0	0	0	25.0	25	11	9	4	16	2	.258
0	Sam Schlecht	South Dakota State	SR	2	1	3.26	6	6	0	0	0	30.1	27	13	11	10	31	3	.229
0	Ty Horn	Nebraska	JR	0	1	3.26	6	6	0	0	0	30.1	27	12	11	15	32	3	.237
0	James Litman	Florida Atlantic	SO	3	2	3.27	6	6	1	0	0	33.0	32	13	12	11	41	1	.246
0	Micah Worley	Stony Brook	SR	2	3	3.28	6	6	0	0	0	24.2	19	16	9	16	40	5	.209
0	Jason Gerfers	Long Beach State	FR	3	1	3.28	7	6	2	0	0	35.2	23	13	13	17	34	9	.192
0	Trevor Hansen	UC Irvine	JR	3	1	3.29	6	6	0	0	0	38.1	30	15	14	10	48	3	.217
0	Brayden Olson	St. Thomas	JR	0	3	3.31	6	6	0	0	0	32.2	30	19	12	15	29	8	.246
0	David Rossow	Campbell	SR	4	1	3.33	6	4	1	1	0	27.0	21	14	10	10	31	6	.214
0	Camden Matthews	Alabama State	FR	1	0	3.33	12	0	0	0	4	27.0	27	12	10	12	28	2	.255
0	Maddux Frese	Iowa	JR	1	1	3.33	6	1	0	0	1	24.1	23	9	9	5	14	0	.250
0	Grayden Harris	Southern Miss	SO	3	1	3.34	6	6	0	0	0	32.1	33	13	12	7	40	5	.266
0	Ty Uber	Notre Dame	GR	3	0	3.38	6	6	0	0	0	26.2	21	10	10	11	23	1	.216
0	Daniel Gonzalez	South Alabama	JR	2	2	3.38	6	6	0	0	0	29.1	29	13	11	15	35	4	.254
0	Cooper Moore	LSU	JR	3	3	3.38	6	6	0	0	0	32.0	30	13	12	7	39	3	.246
0	Landon Mack	Tennessee	SO	3	2	3.38	6	6	0	0	0	32.0	33	13	12	16	39	2	.273
0	J.D. Rodriguez	Tulane	SR	3	0	3.38	11	4	0	0	0	26.2	24	14	10	17	34	4	.233
0	Steven Svenson	Seton Hall	SO	1	1	3.38	6	6	0	0	0	26.2	29	16	10	8	22	7	.279
0	Brett Lanman	Abilene Christian	JR	1	3	3.41	6	6	0	0	0	31.2	26	14	12	10	34	4	.220
0	Joseph Taylor	Charlotte	JR	4	2	3.41	10	0	0	0	1	29.0	25	11	11	19	38	0	.234
0	Isaac Morton	Minnesota	JR	3	1	3.41	6	6	0	0	0	31.2	25	15	12	13	31	5	.219
0	Adam Jamison	Lipscomb	SO	1	0	3.42	8	1	0	0	1	23.2	26	13	9	7	21	1	.277
0	Alex Walsh	Jacksonville	SR	3	2	3.45	6	6	0	0	0	31.1	32	14	12	12	29	3	.274
0	Jack Nelson	Arkansas State	GR	2	2	3.45	6	6	0	0	0	31.1	19	12	12	12	37	4	.170
0	Joseph Lee	Samford	SR	1	0	3.45	7	6	1	1	0	28.2	20	13	11	9	26	2	.196
0	Brady Bickett	Charleston Southern	JR	1	2	3.46	6	6	0	0	0	26.0	18	12	10	13	18	5	.202
0	Andrew Berg	Army	SR	2	1	3.47	6	6	1	0	0	36.1	33	19	14	12	24	3	.241
0	Hunter Elliott	Ole Miss	SR	3	0	3.48	6	6	0	0	0	31.0	21	13	12	20	44	7	.194
0	Jaden Wywoda	Holy Cross	SR	3	1	3.48	6	6	1	1	0	33.2	28	14	13	8	25	5	.222
0	Tony Neubeck	Indiana	GR	2	2	3.49	6	6	0	0	0	28.1	28	12	11	8	30	0	.264
0	Darin Horn	Coastal Carolina	SR	4	0	3.51	11	0	0	0	3	25.2	15	12	10	7	37	4	.167
0	Benjamin Stubbs	Troy	SR	2	0	3.51	6	6	0	0	0	33.1	34	14	13	10	26	1	.264
0	LJ Mercurius	Oklahoma	JR	5	2	3.53	7	7	1	0	0	35.2	29	17	14	13	49	2	.221
0	Adrian Valdez	San Francisco	JR	2	2	3.54	6	6	0	0	0	28.0	28	14	11	6	20	2	.272
0	Justin Kim	Princeton	SR	1	2	3.55	5	5	1	1	0	25.1	21	11	10	13	21	2	.216
0	Griffin Naess	Cal Poly	JR	3	1	3.55	6	6	0	0	0	33.0	27	13	13	12	36	3	.216
0	Jake Drumm	George Mason	SO	1	0	3.55	7	2	0	0	1	25.1	27	11	10	1	28	2	.270
0	Nolan Sliver	Kennesaw State	SR	0	0	3.57	7	4	0	0	0	22.2	28	10	9	10	21	4	.308
0	Mason Christopher	Seton Hall	SO	3	1	3.57	6	4	0	0	0	24.1	23	10	10	7	27	1	.242
0	Bryson Moore	Florida State	JR	4	0	3.58	6	6	0	0	0	27.2	23	12	11	12	29	1	.221
0	Kurt Barr	Michigan	SR	3	1	3.60	6	6	0	0	0	30.0	23	12	12	12	37	4	.213
0	Liam O'Brien	Hawaii	SR	1	3	3.60	6	6	0	0	0	25.0	14	14	10	15	23	4	.156
0	Ethan Lund	Oklahoma State	SO	3	0	3.62	7	7	0	0	0	37.1	26	15	15	21	66	0	.194
0	William Andrade	New Orleans	FR	1	1	3.62	6	5	0	0	0	27.1	23	16	11	17	31	6	.235
0	Cayden Suchy	Connecticut	SO	0	1	3.63	6	6	0	0	0	34.2	30	17	14	13	43	3	.233
0	Roberto Velasquez	VMI	GR	2	0	3.65	6	5	0	0	0	24.2	31	10	10	8	22	3	.326
0	Kyle Batt	Rider	SO	2	0	3.65	5	5	0	0	0	24.2	27	12	10	12	8	4	.290
0	Nic Schutte	Murray State	SR	4	2	3.66	6	6	0	0	0	32.0	30	15	13	11	29	8	.240
0	Miguel Hugas	Mercer	JR	6	0	3.67	7	6	0	0	0	34.1	29	14	14	11	22	9	.236
0	Wade Walton	High Point	SO	1	2	3.67	6	6	0	0	0	34.1	29	21	14	15	30	0	.230
0	Garrett Grant	Florida Atlantic	FR	1	1	3.67	6	6	0	0	0	27.0	36	11	11	10	22	4	.319
0	Connor Marshburn	UNC Wilmington	JR	2	2	3.69	6	6	0	0	0	31.2	23	15	13	9	37	8	.193
0	Alex Sotiropoulos	Columbia	SO	1	2	3.70	4	4	0	0	0	17.0	10	8	7	16	16	1	.159
0	Brendan Holland	Jacksonville	GR	1	2	3.71	6	6	0	0	0	26.2	26	12	11	13	29	0	.255
0	Kaden Segel	Portland	GR	0	1	3.71	9	2	0	0	3	26.2	29	13	11	5	25	1	.271
0	Easton Tumis	Kent State	SO	4	1	3.71	6	6	0	0	0	34.0	30	14	14	4	22	6	.233
0	Ryan Lynch	North Carolina	SO	2	2	3.71	6	6	1	0	0	34.0	30	14	14	9	34	8	.240
0	Jacob Dudan	NC State	JR	4	1	3.72	6	6	0	0	0	36.1	29	15	15	8	46	2	.215
0	Ryan Piech	Xavier	JR	3	2	3.72	6	6	0	0	0	29.0	15	12	12	11	40	5	.150
0	Mason Lei	Illinois-Chicago	JR	2	2	3.72	6	6	0	0	0	31.2	32	18	13	6	29	3	.258
0	Clayton Poliey	Rider	SR	2	1	3.75	5	5	0	0	0	24.0	23	10	10	11	15	1	.267
0	Connor Lockwood	Valparaiso	SR	2	3	3.76	6	6	3	1	0	40.2	40	20	17	2	25	2	.261
0	Sam Beck	Omaha	SR	0	0	3.76	6	6	0	0	0	26.1	21	12	11	11	23	4	.214
0	Wyatt Danilowicz	Louisville	SR	2	1	3.77	6	6	0	0	0	31.0	29	14	13	12	46	2	.246
0	Nathan Taylor	Cincinnati	JR	2	1	3.77	6	6	0	0	0	31.0	26	18	13	8	44	2	.218
0	Ethan Norby	East Carolina	JR	1	1	3.77	6	6	0	0	0	28.2	35	16	12	10	38	10	.294
0	Zachary Robinson	UMBC	JR	3	0	3.77	5	5	0	0	0	28.2	33	16	12	7	20	7	.282
0	Nathan Aceves	UC Santa Barbara	SO	2	1	3.77	6	6	0	0	0	31.0	24	14	13	13	39	6	.209
0	Aiden Sims	Texas A&M	SO	4	0	3.77	6	6	0	0	0	31.0	20	15	13	10	35	5	.182
0	Zach Erdman	Purdue	SR	3	0	3.78	6	6	0	0	0	33.1	34	14	14	9	31	4	.270
0	Michael Barnett	UCLA	SR	4	0	3.81	6	6	0	0	0	26.0	21	12	11	11	25	4	.228
0	Danny Cihocki	Northern Illinois	JR	2	1	3.82	6	6	0	0	0	33.0	25	14	14	13	34	4	.217
0	Kellan Montgomery	UC Santa Barbara	SR	4	1	3.86	6	6	0	0	0	32.2	28	14	14	11	26	2	.246
0	Trey Ates	Army	SR	1	0	3.86	6	5	0	0	0	23.1	18	12	10	12	15	4	.209
0	Kenny Michaels	Wofford	JR	5	0	3.86	5	5	0	0	0	28.0	24	12	12	5	35	0	.229
0	Hunter Dietz	Arkansas	SO	2	2	3.86	6	6	0	0	0	30.1	23	16	13	10	54	2	.204
0	James Hays	Stetson	JR	3	0	3.86	6	5	0	0	0	28.0	33	16	12	10	32	5	.297
0	Jack Ohman	Yale	SO	1	0	3.86	4	4	0	0	0	21.0	12	10	9	12	31	1	.160
0	Tyler Conklin	Eastern Illinois	GR	4	1	3.89	6	6	0	0	0	34.2	27	17	15	25	17	0	.213
0	Edwin Alicea	South Florida	JR	4	1	3.89	6	6	0	0	0	34.2	30	19	15	12	32	7	.227
0	Andrew Rubayo	Quinnipiac	SR	2	0	3.90	5	5	0	0	0	30.0	32	13	13	3	25	2	.286
0	Chandler Alderman	Middle Tennessee	JR	1	1	3.90	6	6	0	0	0	27.2	30	18	12	8	19	2	.270
0	Ryan Weller	Southern Indiana	JR	2	0	3.90	6	6	0	0	0	27.2	23	15	12	15	23	4	.223
0	Sam Carlisle	Western Michigan	JR	1	1	3.91	7	6	0	0	0	23.0	17	11	10	17	24	1	.202
0	Smith Bailey	Arizona	SO	3	0	3.93	6	6	0	0	0	34.1	29	16	15	14	32	1	.234
0	Logan Rumberg	George Mason	SR	3	1	3.94	6	6	0	0	0	29.2	26	15	13	16	34	3	.239
0	Colter McAnelly	Utah	JR	2	3	3.94	6	6	0	0	0	32.0	23	18	14	12	34	2	.192
0	Michael Harpster	East Tennessee State	JR	3	1	3.94	6	6	0	0	0	29.2	24	15	13	15	33	5	.220
0	Jackson Sanders	Auburn	SO	2	1	3.94	6	6	0	0	0	32.0	25	16	14	8	45	4	.214
0	Deron Swanson	Toledo	GR	2	3	3.96	6	3	0	0	0	25.0	26	15	11	5	22	1	.271
0	Mitchell Heer	South Alabama	GR	3	0	3.97	6	6	0	0	0	34.0	25	16	15	17	32	6	.205
0	Lincoln Sheffield	Kansas State	SR	4	0	3.97	6	6	1	0	0	34.0	36	19	15	7	29	4	.271
0	Gabriel Barrett	San Francisco	SR	1	2	3.98	6	6	0	0	0	31.2	38	15	14	3	26	4	.304
0	Bryce Blevins	Marshall	SR	4	1	3.98	6	6	0	0	0	40.2	43	22	18	3	44	4	.270
0	Ethan Kleinschmit	Oregon State	JR	3	2	3.99	6	6	0	0	0	29.1	24	14	13	12	38	3	.222
0	Enger Paulino	St. Bonaventure	JR	2	4	4.00	6	6	0	0	0	27.0	21	16	12	23	24	4	.221
0	Owen Winebarger	Elon	SO	2	1	4.00	6	4	0	0	0	27.0	19	13	12	8	17	1	.209
0	AJ Ciscar	Miami	SO	2	2	4.00	6	6	0	0	0	36.0	33	18	16	3	39	7	.234
0	Chansen Cole	West Virginia	SO	3	0	4.00	6	6	0	0	0	27.0	21	13	12	14	29	2	.208
0	Maddox Meyer	Omaha	SO	1	2	4.01	6	5	0	0	0	24.2	32	16	11	2	25	1	.305
0	Aidan Weaver	Duke	SR	4	2	4.02	6	6	0	0	0	31.1	25	14	14	10	38	2	.214
0	Ben Rabatin	Kent State	SO	3	0	4.03	6	6	0	0	0	29.0	26	15	13	9	35	3	.236
0	Joseph Steventon	Wagner	SO	3	2	4.03	6	3	1	0	0	29.0	28	15	13	9	23	6	.246
0	Gavin Lyons	Texas A&M	SO	2	0	4.03	10	3	0	0	0	29.0	29	15	13	7	26	5	.254
0	Zack Busick	Little Rock	JR	3	1	4.05	6	6	0	0	0	26.2	19	12	12	18	25	5	.196
0	Tyler Fay	Alabama	JR	4	2	4.06	6	6	1	1	0	37.2	25	18	17	8	47	5	.187
0	Owen Byberg	Evansville	SR	0	1	4.07	8	0	0	0	1	24.1	23	19	11	7	16	6	.247
0	A.J. Colarusso	Boston College	SR	1	1	4.08	6	6	0	0	0	28.2	31	20	13	8	24	1	.274
0	Kyle Froehlich	Texas State	GR	2	1	4.08	6	6	0	0	0	28.2	28	19	13	2	34	4	.246
0	Brigden Parker	Little Rock	SR	1	2	4.10	6	6	0	0	0	26.1	19	12	12	12	20	2	.207
0	Jace Gillmore	Santa Clara	JR	1	3	4.10	6	6	0	0	0	26.1	22	13	12	9	23	1	.222
0	Duke Stone	Mississippi State	SO	4	0	4.10	7	5	0	0	0	26.1	21	15	12	5	37	6	.216
0	David James	St. Bonaventure	SR	0	3	4.11	6	6	0	0	0	30.2	24	22	14	16	35	1	.209
0	Zane Adams	Alabama	JR	4	1	4.11	6	6	0	0	0	30.2	31	15	14	6	33	0	.254
0	Dakota Stone	North Florida	JR	3	2	4.12	5	3	0	0	0	24.0	27	12	11	9	39	3	.273
0	Scott Doran	Coastal Carolina	SO	4	2	4.12	9	2	0	0	1	24.0	16	11	11	9	31	1	.186
0	Tadan Bell	East Tennessee State	JR	3	2	4.13	6	6	0	0	0	28.1	28	13	13	12	25	2	.262
0	Gabriel Hernandez	Cal State Northridge	SO	2	1	4.13	6	6	0	0	0	32.2	33	16	15	4	20	3	.262
0	Shane Sdao	Texas A&M	JR	3	1	4.15	6	6	0	0	0	34.2	35	16	16	4	38	3	.252
0	Noah Andrunas	Saint Louis	JR	2	2	4.15	5	5	0	0	0	26.0	28	12	12	6	15	2	.275
0	Liam Peterson	Florida	JR	0	1	4.15	6	6	0	0	0	30.1	21	15	14	16	48	0	.196
0	Christian Mello	Albany	SO	0	2	4.15	6	6	0	0	0	21.2	17	10	10	18	14	3	.227
0	Jaron Bleeker	Iowa	SO	3	2	4.15	6	3	0	0	0	26.0	24	12	12	9	19	4	.247
0	Dylan Marionneaux	Northwestern State	JR	2	2	4.17	6	6	1	0	0	36.2	36	20	17	7	34	1	.254
0	Nuno Parache	Nicholls	SR	0	2	4.18	5	5	0	0	0	28.0	27	17	13	9	28	2	.243
0	Robbie O'Connor	Northeastern	JR	4	1	4.18	5	5	0	0	0	23.2	13	11	11	9	19	17	.171
0	Tate Jones	New Jersey Tech	SO	2	1	4.18	6	3	0	0	0	23.2	27	15	11	7	18	1	.276
0	Ty Brachbill	High Point	JR	5	1	4.19	6	6	0	0	0	34.1	38	20	16	11	31	2	.273
0	Luc Fladda	Arizona	SR	2	0	4.20	6	5	0	0	0	30.0	32	15	14	3	27	2	.278
0	Esaid Pena	Alabama State	SR	2	1	4.21	5	5	0	0	0	25.2	27	15	12	7	25	3	.265
0	Joey Volchko	Georgia	JR	4	0	4.23	6	6	0	0	0	27.2	24	13	13	14	33	0	.233
0	Jaxson Pease	Tennessee Tech	SR	3	2	4.25	7	3	0	0	1	29.2	39	16	14	6	20	0	.317
0	Alfred Mucciarone	UMass Lowell	JR	0	1	4.25	5	5	0	0	0	29.2	34	15	14	9	23	3	.291
0	Callen Powers	Massachusetts	JR	1	2	4.25	5	5	0	0	0	29.2	29	14	14	10	28	4	.254
0	Brady Hoar	Bucknell	FR	3	2	4.25	6	6	0	0	0	29.2	21	15	14	15	22	4	.206
0	Kale Hammer	Seattle	SO	1	1	4.26	5	5	0	0	0	25.1	21	14	12	6	23	3	.223
0	Camden Wimbish	Campbell	JR	0	1	4.26	6	3	0	0	0	25.1	19	13	12	6	27	3	.204
0	Luke Earnhardt	Winthrop	JR	2	1	4.28	6	6	0	0	0	27.1	28	16	13	9	34	1	.259
0	Ashton Chronister	Xavier	JR	0	2	4.28	9	5	0	0	0	27.1	28	14	13	6	16	2	.264
0	Jon Whiteside	Dayton	SO	1	2	4.28	7	5	0	0	1	33.2	36	19	16	14	27	4	.277
0	Ian Korn	West Virginia	GR	1	0	4.29	7	0	0	0	0	21.0	20	10	10	5	20	2	.250
0	Jacob Price	Eastern Kentucky	JR	2	2	4.29	7	6	0	0	0	35.2	44	22	17	7	29	2	.293
0	Clayton Burke	Miami (OH)	GR	2	1	4.30	6	6	0	0	0	29.1	23	15	14	5	32	5	.211
0	Carson Jasa	Nebraska	SO	4	1	4.30	6	6	0	0	0	29.1	24	15	14	16	45	2	.224
0	Max Kaplan	USC Upstate	SO	2	2	4.31	11	4	0	0	2	31.1	32	18	15	8	31	3	.271
0	Brian Strange	Elon	GR	1	3	4.32	6	6	0	0	0	33.1	25	24	16	12	39	4	.205
0	Owen Marsolek	St. Thomas	FR	1	1	4.32	6	6	0	0	0	33.1	35	16	16	13	33	5	.271
0	Zack Konstantinovsky	Rutgers	SO	3	2	4.33	6	6	0	0	0	27.0	27	15	13	8	32	0	.257
0	Dylan Reid	Brown	SR	1	1	4.34	5	3	0	0	1	18.2	15	9	9	16	16	0	.227
0	Bryce McKnight	San Diego State	JR	2	0	4.34	8	3	0	0	0	29.0	30	20	14	10	28	5	.268
0	Trajan Lee	Georgetown	GR	3	2	4.35	6	6	0	0	0	31.0	26	16	15	11	29	9	.236
0	Tegan Kuhns	Tennessee	SO	1	2	4.35	6	6	0	0	0	31.0	29	17	15	5	40	3	.240
0	Anthony Mateo	Alabama A&M	JR	2	2	4.38	6	6	1	0	0	37.0	43	19	18	14	17	5	.291
0	James Ellis	Saint Peter’s	SR	0	3	4.38	5	5	0	0	0	24.2	21	15	12	16	14	5	.223
0	PJ Craig	Rider	SR	1	1	4.39	5	4	0	0	0	26.2	28	13	13	16	32	3	.277
0	Jonah Walker	North Dakota State	SR	0	2	4.39	6	6	0	0	0	26.2	20	14	13	17	24	2	.208
0	Zac Sohosky	Miami (OH)	SR	2	0	4.39	6	6	0	0	0	26.2	29	21	13	11	27	0	.269
0	Ethan Calder	Baylor	SR	1	3	4.39	6	6	0	0	0	26.2	27	18	13	9	21	1	.265
0	Gavin Kuzniewski	Ohio State	FR	1	1	4.40	6	6	1	1	0	30.2	31	20	15	17	31	2	.254
0	Kendall Hoffman	Houston	SO	1	2	4.41	7	6	0	0	0	32.2	25	20	16	10	22	8	.207
0	Kenney Fabian	Arkansas-Pine Bluff	SR	0	2	4.41	7	6	0	0	0	32.2	29	22	16	11	22	12	.232
0	Tate McKee	Georgia Tech	JR	2	0	4.44	6	6	0	0	0	26.1	24	13	13	18	31	3	.247
0	Logan Anderson	Portland	FR	2	1	4.44	7	5	0	0	0	26.1	22	14	13	14	21	2	.242
0	Jackson Hinchliffe	Richmond	JR	1	2	4.44	7	7	0	0	0	26.1	32	17	13	5	15	5	.299
0	Folger Boaz	North Carolina	JR	2	0	4.44	6	6	0	0	0	26.1	31	13	13	7	21	4	.292
0	Brendan Conner	UAB	SO	2	1	4.44	10	2	0	0	0	26.1	24	15	13	16	14	2	.238
0	Jared Schaeffer	Dallas Baptist	SR	2	0	4.45	6	6	0	0	0	28.1	32	16	14	10	21	3	.288
0	Tyler Sausville	Siena	SR	0	2	4.45	6	6	0	0	0	30.1	23	18	15	19	25	1	.200
0	Cole Selvig	Minnesota	JR	3	0	4.45	6	6	0	0	0	28.1	26	14	14	14	30	4	.248
0	Nathan Love	Oral Roberts	SR	1	1	4.45	6	6	0	0	0	28.1	27	14	14	9	19	1	.257
0	Jack Frankel	Tulane	SO	1	1	4.45	6	6	1	0	0	28.1	33	15	14	9	16	2	.300
0	Jack Pineau	Creighton	JR	2	0	4.45	6	6	0	0	0	30.1	29	15	15	11	34	6	.248
0	Ethan Hamill	Cornell	SR	0	1	4.50	5	5	0	0	0	20.0	18	10	10	9	17	3	.247
0	Caleb Granger	Florida A&M	GR	3	2	4.50	6	6	0	0	0	34.0	41	21	17	7	35	1	.306
0	Garrett Lambert	Mercer	FR	2	0	4.50	6	6	0	0	0	26.0	17	16	13	16	31	4	.181
0	Noel Valdez	UC Davis	SR	1	3	4.50	6	6	0	0	0	34.0	44	20	17	11	27	0	.319
0	Cristian Mogen	New Mexico	SO	2	0	4.50	6	6	0	0	0	30.0	32	19	15	10	32	5	.267
0	Jonah Johnson	Loyola Marymount	SR	2	2	4.50	7	6	0	0	0	34.0	37	17	17	11	32	3	.280
0	Maxwell Schumacher	Tennessee-Martin	SR	1	2	4.54	6	6	0	0	0	33.2	44	25	17	10	25	6	.317
0	Dylan Banner	Albany	SR	0	3	4.55	5	5	0	0	0	29.2	33	22	15	10	24	3	.268
0	Cody Templeton	Stephen F. Austin	SR	2	0	4.55	6	6	0	0	0	31.2	36	18	16	13	31	6	.286
0	Luke Parise	Saint Joseph’s	JR	3	1	4.55	6	6	0	0	0	29.2	27	16	15	12	21	6	.243
0	Corden Pettey	Cal Poly	FR	2	1	4.55	7	3	0	0	1	27.2	32	14	14	7	38	3	.288
0	Gunnar Nichols	Washington	SR	2	2	4.56	7	4	0	0	0	25.2	16	13	13	14	29	4	.182
0	Travis Farrell	Seattle	SR	0	3	4.56	5	4	0	0	0	23.2	24	13	12	7	31	2	.253
0	Bryce Johnson	Washington	SO	0	1	4.56	8	2	0	0	1	23.2	24	16	12	9	20	2	.261
0	Joey Ruller	Queens (NC)	JR	1	4	4.58	6	6	0	0	0	37.1	32	20	19	13	30	7	.241
0	Brayden Gilley	Winthrop	JR	3	2	4.60	6	6	0	0	0	31.1	34	18	16	11	27	3	.276
0	JT Guerrero	Grand Canyon	JR	1	2	4.60	6	5	0	0	0	29.1	36	16	15	10	23	4	.308
0	Blake Lobell	Southeastern Louisiana	SR	0	0	4.60	6	6	0	0	0	29.1	34	18	15	13	27	3	.296
0	Ricky Ojeda	UC Irvine	JR	1	3	4.61	6	6	0	0	0	27.1	27	18	14	10	29	9	.270
0	Pierce Herrenbruck	Ohio State	JR	2	1	4.61	6	6	0	0	0	27.1	27	19	14	9	23	6	.248
0	Josh Willitts	New Jersey Tech	GR	1	2	4.62	6	6	0	0	0	25.1	26	15	13	15	23	2	.274
0	Jake Hilton	Saint Mary’s	GR	3	1	4.62	6	5	0	0	0	25.1	29	13	13	11	23	2	.287
0	Liam Diehl	Towson	JR	0	4	4.62	6	6	0	0	0	25.1	29	19	13	10	31	8	.293
0	Jace Stancil	College of Charleston	FR	0	4	4.62	6	6	0	0	0	25.1	29	16	13	10	24	4	.293
0	Ethan Sanders	Rice	FR	1	3	4.63	7	5	0	0	1	35.0	33	18	18	9	32	1	.248
0	Dawson Montesa	West Virginia	JR	3	2	4.65	6	6	0	0	0	31.0	22	16	16	13	38	5	.200
0	James Fordham	Western Carolina	JR	2	1	4.66	8	4	0	0	0	29.0	23	16	15	13	23	3	.228
0	Andrew Carroll	Southeast Missouri State	JR	3	1	4.66	7	5	1	0	0	29.0	30	16	15	8	21	3	.278
0	Nick DiRito	Appalachian State	JR	1	1	4.67	7	3	0	0	2	27.0	31	15	14	9	42	3	.279
0	Nolan Feidt	St. Bonaventure	JR	2	2	4.67	6	6	0	0	0	27.0	30	27	14	18	21	5	.286
0	Brady Hamilton	Wichita State	JR	3	3	4.68	6	6	0	0	0	32.2	39	22	17	9	33	4	.298
0	Cooper McMullen	Kennesaw State	SO	1	1	4.68	6	6	0	0	0	25.0	25	16	13	13	16	2	.258
0	Brady Pendley	Georgia Southern	SR	1	3	4.70	9	1	0	0	1	30.2	33	18	16	12	34	5	.277
0	Brendan Callanan	Iona	JR	0	0	4.71	5	5	0	0	0	21.0	22	15	11	11	14	3	.282
0	Mario Pesca	Oklahoma State	SR	2	2	4.73	7	6	1	0	0	32.1	34	17	17	14	34	8	.276
0	Mark Scamardella	New Jersey Tech	GR	1	2	4.76	6	4	0	0	0	22.2	16	14	12	10	23	4	.195
0	Max McCrary	Mount St. Mary’s	SR	3	1	4.76	11	0	0	0	1	22.2	17	12	12	9	27	4	.213
0	Alec Couture	Monmouth	GR	1	1	4.80	6	5	0	0	0	30.0	34	21	16	10	27	1	.288
0	Casan Evans	LSU	SO	2	0	4.80	6	6	0	0	0	30.0	22	18	16	13	50	2	.191
0	Diego Cardenas	George Mason	GR	3	2	4.81	6	5	0	0	0	24.1	23	16	13	9	19	4	.245
0	Jacob Turner	Bowling Green	SR	1	2	4.81	5	5	0	0	0	24.1	31	13	13	5	19	2	.320
0	Dylan Smith	San Jose State	SR	1	3	4.81	5	5	0	0	0	24.1	24	13	13	7	22	2	.253
0	Hunter Possehl	Florida Gulf Coast	SO	1	0	4.82	7	6	0	0	0	28.0	25	20	15	13	37	6	.236
0	Hudson Rowan	Louisiana Tech	JR	3	2	4.82	8	6	0	0	0	28.0	21	17	15	16	25	4	.214
0	Garrett Ahern	Grand Canyon	JR	1	3	4.82	6	6	0	0	0	28.0	30	22	15	12	29	5	.268
0	Sam Novotny	South Dakota State	JR	2	2	4.86	6	6	0	0	0	33.1	38	22	18	10	23	1	.281
0	Kyle Salvati	Central Connecticut	SR	0	1	4.91	4	4	0	0	0	18.1	18	11	10	11	18	3	.254
0	Mason Steele	UAB	JR	2	2	4.91	6	6	1	0	0	33.0	33	19	18	9	31	4	.262
0	Brendan Garza	Ball State	SO	2	2	4.91	6	6	1	1	0	33.0	34	20	18	9	28	2	.268
0	Brady Kehlenbrink	Missouri	SO	3	2	4.91	6	6	0	0	0	33.0	29	18	18	7	47	1	.232
0	Declan Dahl	Louisiana Tech	JR	4	2	4.94	6	6	0	0	0	31.0	31	18	17	11	34	1	.261
0	Sergio Lopez	UT Rio Grande Valley	GR	2	2	4.97	6	6	0	0	0	29.0	31	17	16	9	34	2	.270
0	Nate Kress	Bowling Green	SO	3	1	4.97	6	3	0	0	0	25.1	28	15	14	6	25	3	.280
0	Cooper Golden	McNeese	SR	2	2	4.97	6	6	0	0	0	29.0	33	16	16	10	24	3	.292
0	Nate Harris	Kentucky	SO	3	1	4.97	6	6	0	0	0	25.1	17	15	14	12	28	6	.189
0	Drew Harlow	Marshall	GR	3	1	4.98	6	6	0	0	0	34.1	34	21	19	12	38	3	.260
0	Logan Runde	Iowa	GR	1	1	4.98	6	6	0	0	0	21.2	23	14	12	3	21	6	.267
0	Brady Hoover	Longwood	FR	2	2	5.00	6	4	0	0	0	27.0	29	20	15	4	25	6	.284
0	Felix Morin	Canisius	SR	1	3	5.01	6	6	0	0	0	32.1	36	24	18	11	26	4	.288
0	Nick Lewis	Washington State	SO	2	1	5.01	6	6	0	0	0	32.1	34	20	18	13	24	0	.272
0	Tyler Lutz	James Madison	FR	0	2	5.01	7	4	0	0	0	23.1	23	14	13	5	22	3	.253
0	Tommy Egan	Troy	SR	2	1	5.02	6	6	0	0	0	28.2	29	16	16	8	36	6	.264
0	Aidan Coleman	Abilene Christian	JR	2	0	5.02	6	6	0	0	0	28.2	32	20	16	8	24	3	.281
0	Owen Slater	Missouri State	SO	3	2	5.02	6	6	0	0	0	28.2	31	20	16	16	24	6	.272
0	Ryan Douglas	Stonehill	GR	0	3	5.04	5	5	0	0	0	25.0	30	17	14	4	15	1	.313
0	Spencer Stearns	SIU Edwardsville	JR	2	2	5.04	6	6	0	0	0	30.1	28	19	17	11	20	8	.241
0	Evan Chaffee	St. John’s	JR	1	3	5.04	6	6	0	0	0	30.1	31	20	17	10	23	4	.265
0	Max Winders	Butler	SO	2	2	5.04	7	3	1	0	1	30.1	31	18	17	2	33	0	.258
0	Kaden Myers	College of Charleston	FR	3	1	5.04	12	0	0	0	0	25.0	23	14	14	9	15	3	.253
0	Noah Kenney	Washington	JR	1	3	5.04	6	5	0	0	0	30.1	32	21	17	18	33	4	.267
0	Payton Riske	Utah	JR	2	1	5.06	6	6	0	0	0	26.2	32	15	15	6	19	3	.299
0	David Leslie	Pittsburgh	GR	2	1	5.08	6	6	0	0	0	28.1	30	21	16	8	29	3	.263
0	Luka Pintar	San Jose State	SO	1	1	5.10	6	2	0	0	0	30.0	36	18	17	9	19	2	.303
0	Christian Aiello	Rider	SR	5	1	5.12	7	1	0	0	0	19.1	15	11	11	6	27	1	.208
0	Luke Howe	Long Beach State	FR	3	1	5.15	6	6	0	0	0	36.2	37	24	21	11	23	3	.268
0	Harrison Thayer	UT Rio Grande Valley	SO	4	1	5.16	7	3	0	0	0	29.2	26	18	17	11	24	0	.236
0	Drew Lafferty	Pittsburgh	JR	3	2	5.18	6	6	0	0	0	24.1	33	18	14	6	17	5	.327
0	Oliver Ellison	Gardner-Webb	JR	3	2	5.18	6	6	0	0	0	33.0	45	21	19	8	32	3	.331
0	Cooper Clark	Campbell	SO	2	3	5.20	7	4	0	0	0	27.2	25	16	16	5	27	3	.231
0	Garrett Holpuch	Tennessee Tech	SR	2	1	5.22	7	6	0	0	0	29.1	37	17	17	13	24	0	.301
0	Troy Shepard	Southern Illinois	SR	0	2	5.22	6	5	0	0	0	29.1	26	20	17	12	29	8	.239
0	Beau Elson	Fordham	SO	3	1	5.23	6	6	0	0	0	32.2	42	22	19	7	30	3	.313
0	Thomas Shurtleff	Pennsylvania	SR	2	2	5.25	5	3	0	0	0	24.0	27	14	14	9	15	2	.293
0	Josh Pena	Texas Southern	JR	2	1	5.26	5	5	0	0	0	25.2	26	15	15	10	16	11	.271
0	Nate Isler	Dartmouth	JR	0	2	5.31	4	4	0	0	0	20.1	21	14	12	10	27	1	.256
0	Jayden Harper	Cal State Fullerton	SR	0	1	5.33	6	6	0	0	0	25.1	23	15	15	14	30	2	.242
0	Will Holmes	The Citadel	GR	1	3	5.34	6	6	0	0	0	28.2	24	22	17	19	36	5	.233
0	David Thomas	San Jose State	SR	2	2	5.34	6	6	2	1	0	32.0	40	20	19	9	25	0	.301
0	Drew Talavs	San Diego State	JR	2	2	5.34	6	6	0	0	0	30.1	28	20	18	14	37	5	.241
0	EJ Miramontes	Northern Kentucky	GR	2	2	5.34	6	6	1	0	0	28.2	29	17	17	6	26	3	.261
0	Kenyon Collins	Marshall	SO	2	1	5.34	6	5	0	0	0	28.2	29	22	17	15	37	5	.261
0	Luke Neiswonger	Central Michigan	FR	2	1	5.34	6	6	0	0	0	32.0	34	19	19	10	47	8	.270
0	Richard De Jesus	UMES	FR	0	2	5.34	6	6	0	0	0	30.1	31	19	18	12	19	10	.263
0	Ethan Blakeney	Norfolk State	JR	2	2	5.40	6	4	0	0	0	25.0	26	18	15	15	27	4	.274
0	Cam Staton	Saint Mary’s	JR	1	2	5.40	6	5	0	0	0	25.0	29	23	15	12	26	1	.282
0	Derek Arrocha	Jackson State	JR	2	2	5.40	8	4	0	0	1	31.2	33	22	19	12	39	2	.266
0	Peyton Dhein	VMI	SO	2	2	5.40	6	6	0	0	0	26.2	31	21	16	14	27	5	.290
0	Ethan Eberle	Louisville	SO	2	1	5.40	7	6	0	0	0	26.2	34	16	16	15	31	5	.301
0	Trent Hillen	Northwestern State	SR	2	1	5.45	6	6	0	0	0	33.0	31	21	20	9	40	3	.250
0	Matthew O'Brien	UC Riverside	SR	1	2	5.45	6	6	0	0	0	36.1	36	26	22	17	22	5	.257
0	Lukas Pirko	Texas Tech	JR	2	0	5.46	6	6	1	0	0	29.2	35	24	18	13	27	1	.289
0	Traig Oughton	Cal State Northridge	JR	3	0	5.46	6	6	0	0	0	29.2	31	22	18	10	24	8	.277
0	Trey Newmann	Portland	JR	2	1	5.47	8	4	0	0	2	24.2	30	16	15	7	28	2	.286
0	Jaxon Lucas	Liberty	JR	1	1	5.47	8	6	0	0	0	26.1	26	17	16	9	19	1	.252
0	Lucas Boesen	UNC Asheville	SR	1	0	5.47	7	6	1	0	0	26.1	26	17	16	25	26	1	.257
0	Trey Power	Alabama State	SO	2	2	5.47	6	6	0	0	0	26.1	26	17	16	11	17	5	.245
0	EJ Garcia	Incarnate Word	SR	1	3	5.50	6	6	0	0	0	36.0	43	24	22	4	27	7	.297
0	Jacob Hines	Central Connecticut	SO	1	2	5.50	4	4	0	0	0	18.0	20	13	11	13	14	1	.294
0	Jalen Porter	Arkansas-Pine Bluff	GR	2	1	5.51	7	6	0	0	0	32.2	32	25	20	17	32	3	.252
0	James Guyette	Kansas State	JR	3	1	5.51	6	6	0	0	0	32.2	33	20	20	15	37	10	.264
0	Carter Burnette	Western Carolina	SO	2	3	5.52	6	6	1	1	0	31.0	32	21	19	9	34	2	.267
0	Vincent Spizzoucco	Pittsburgh	GR	2	0	5.53	6	6	0	0	0	27.2	24	18	17	10	24	0	.240
0	Tyler Ray	Utah Tech	SR	2	1	5.53	8	5	0	0	0	27.2	27	20	17	12	19	0	.260
0	Andrew Abler	Harvard	JR	0	2	5.55	5	4	0	0	0	24.1	33	15	15	7	15	2	.327
0	Owen Stewart	George Mason	SR	1	2	5.56	8	4	0	0	2	22.2	24	14	14	15	23	4	.273
0	Sam Fairhurst	Lehigh	JR	2	1	5.56	6	2	0	0	0	22.2	26	14	14	8	23	5	.289
0	Beau Beaty	Prairie View	SR	2	4	5.56	6	6	1	1	0	34.0	32	23	21	13	19	10	.258
0	Adam Behrens	Loyola Marymount	JR	2	3	5.57	7	4	1	0	1	32.1	33	22	20	4	23	5	.260
0	Hunter Hoxie	Fairfield	SO	0	1	5.57	6	5	0	0	0	21.0	20	15	13	19	13	2	.267
0	Ethan Foley	California	JR	2	2	5.58	6	6	0	0	0	30.2	37	23	19	7	23	6	.301
0	Henry Zatkowski	Virginia	SO	3	0	5.58	6	5	0	0	0	30.2	28	23	19	12	37	6	.237
0	Max Haug	George Washington	SR	1	3	5.59	6	6	0	0	0	29.0	33	24	18	12	26	6	.297
0	Dylan Smith	Cal State Fullerton	SO	1	3	5.59	6	6	0	0	0	29.0	34	21	18	4	12	6	.301
0	Jack Kelley	Villanova	GR	2	2	5.60	6	6	0	0	0	27.1	25	19	17	12	23	4	.240
0	Jake Moss	Pennsylvania	SR	2	1	5.61	5	5	0	0	0	25.2	30	17	16	11	23	2	.291
0	Kole Klecker	Arizona State	SR	3	1	5.61	5	5	0	0	0	25.2	25	18	16	9	27	2	.255
0	Matt Gallant	Charleston Southern	SO	4	0	5.61	6	6	0	0	0	25.2	32	17	16	4	18	0	.305
0	Serigne Sarre	Mount St. Mary’s	SO	1	2	5.64	6	6	0	0	0	30.1	28	21	19	16	40	5	.237
0	Owen Kramkowski	Arizona	JR	1	2	5.65	6	6	0	0	0	28.2	40	23	18	8	35	1	.331
0	Huxley Holcombe	Cornell	JR	0	4	5.66	5	5	0	0	0	20.2	22	14	13	11	20	1	.275
0	Will Howell	Memphis	SO	2	3	5.67	6	6	0	0	0	27.0	30	17	17	13	23	4	.297
0	Julian Mlodzinski	Florida International	SR	2	4	5.67	8	5	0	0	0	27.0	32	18	17	13	14	2	.311
0	Dakoda West	Utah Tech	SR	2	3	5.68	6	6	0	0	0	31.2	38	22	20	10	31	4	.302
0	Ryan Mealy	Monmouth	SO	2	1	5.70	6	6	0	0	0	30.0	39	20	19	11	27	1	.317
0	Max Hansmann	Evansville	SR	2	2	5.74	6	6	0	0	0	31.1	40	22	20	10	35	4	.308
0	Connor Fennell	Vanderbilt	JR	2	1	5.74	6	6	0	0	0	31.1	31	21	20	8	43	2	.248
0	Ricky Kidd	Western Michigan	GR	2	1	5.74	6	6	0	0	0	31.1	32	22	20	12	19	4	.269
0	Kendall Dove	UTSA	JR	3	0	5.74	6	6	0	0	0	26.2	28	18	17	9	17	5	.267
0	Conner Griffin	Binghamton	JR	0	1	5.76	6	6	0	0	0	25.0	20	16	16	19	26	4	.215
0	Colin Fitzgerald	Penn State	SR	2	4	5.79	6	6	0	0	0	28.0	35	25	18	13	33	2	.304
0	Marco Dumsky	Dartmouth	JR	0	1	5.79	4	2	0	0	0	14.0	18	17	9	9	15	2	.300
0	Tyrell Williams	Presbyterian	JR	0	1	5.79	9	4	0	0	0	28.0	35	22	18	10	23	3	.299
0	Cole Van Assen	Purdue	JR	2	1	5.83	6	6	0	0	0	29.1	40	20	19	9	27	5	.320
0	Tanner Foertsch	Omaha	SO	1	3	5.83	6	6	0	0	0	29.1	35	23	19	9	27	0	.294
0	Micah Hagler	Seattle	JR	2	2	5.84	5	5	0	0	0	24.2	29	21	16	7	11	2	.296
0	Hunter Colagrande	Stony Brook	SO	0	1	5.88	6	6	0	0	0	26.0	32	17	17	6	25	4	.302
0	Jose Luccioni	Texas Southern	SO	1	0	5.89	5	3	0	0	1	18.1	24	12	12	9	15	0	.320
0	Christian Charalambous	Presbyterian	SO	1	3	5.90	6	6	1	1	0	29.0	34	22	19	8	23	2	.288
0	Max Tripure	Western Illinois	SR	1	2	5.90	6	6	0	0	0	29.0	30	19	19	15	24	4	.273
0	Titus Von Kapff	Charleston Southern	JR	3	1	5.90	6	6	0	0	0	29.0	32	22	19	15	18	5	.283
0	Tommy Scavone	Pepperdine	GR	0	2	5.91	6	6	0	0	0	32.0	31	22	21	11	26	6	.263
0	Caden Crowell	Notre Dame	FR	1	1	5.92	6	6	0	0	0	24.1	31	16	16	16	20	3	.326
0	Adam Brouwer	Cincinnati	SR	2	1	5.93	6	6	0	0	0	27.1	29	18	18	7	19	1	.271
0	Parker Dillhoff	UNLV	SR	3	0	5.93	6	6	1	0	0	30.1	33	21	20	14	42	2	.275
0	Colton Kennedy	Utah Valley	SR	0	1	5.96	6	6	0	0	0	25.2	25	27	17	15	31	2	.240
0	Gage Wheaton	Niagara	JR	0	1	5.96	6	6	0	0	0	25.2	21	18	17	23	22	3	.223
0	Diego Gutierrez	San Diego	GR	2	2	5.97	6	6	0	0	0	28.2	27	19	19	10	38	1	.255
0	Ty Roman	Louisiana	JR	2	2	5.97	7	6	0	0	0	31.2	30	21	21	10	34	9	.244
0	Lance Williams	Maryland	SO	1	2	5.97	6	6	0	0	0	31.2	35	24	21	9	37	9	.282
0	Adrian Quezada	Queens (NC)	SR	1	3	6.03	6	6	0	0	0	31.1	37	22	21	15	28	6	.291
0	Gavin Theis	Milwaukee	GR	0	1	6.04	4	4	0	0	0	22.1	18	16	15	15	17	4	.220
0	Jake Fields	Long Beach State	SO	1	3	6.04	7	5	0	0	0	25.1	17	18	17	25	26	6	.198
0	Ryan Parker	Sacred Heart	GR	1	3	6.07	6	6	0	0	0	29.2	37	28	20	18	19	2	.303
0	Lakin Polk	Southeastern Louisiana	SR	2	1	6.07	6	6	0	0	0	29.2	38	23	20	8	18	1	.309
0	Jack Messmore	Youngstown State	SR	0	5	6.07	6	6	0	0	0	26.2	33	21	18	12	19	3	.308
0	Everett Garber	Bucknell	SO	2	1	6.07	6	6	0	0	0	26.2	32	23	18	14	25	4	.302
0	Declan Wywoda	George Washington	SO	1	2	6.08	7	6	0	0	0	23.2	26	17	16	6	15	1	.292
0	Mathis Nayral	Kansas	JR	2	1	6.11	6	6	0	0	0	28.0	25	23	19	10	27	4	.238
0	Aidan Paul	High Point	JR	2	1	6.11	6	6	0	0	0	28.0	31	23	19	13	27	3	.279
0	Tanner Nolan	Appalachian State	JR	2	0	6.12	7	7	0	0	0	25.0	22	19	17	16	27	8	.244
0	Brent Stukes	USC Upstate	JR	3	1	6.14	6	6	0	0	0	29.1	32	21	20	11	25	4	.276
0	Mark Rogers	Canisius	FR	1	1	6.14	6	1	0	0	0	22.0	24	16	15	9	16	3	.289
0	Keyon Guillory	Grambling	JR	2	1	6.15	6	6	0	0	0	26.1	27	23	18	21	30	2	.260
0	Erik Hoffberg	Gonzaga	JR	2	2	6.18	6	6	0	0	0	27.2	29	21	19	12	27	7	.279
0	Kenneth Haynes	Prairie View	JR	0	2	6.18	6	6	0	0	0	27.2	34	22	19	15	21	4	.312
0	Eddie Sargent	UMBC	SR	0	2	6.20	5	5	0	0	0	24.2	27	17	17	15	15	2	.303
0	Tyler Guerin	Iowa	SO	1	2	6.20	8	3	0	0	1	20.1	20	14	14	14	18	5	.278
0	Ross Norman	Coastal Carolina	JR	3	2	6.21	6	6	1	1	0	29.0	34	20	20	1	21	7	.293
0	Luke Meyers	Washington State	SR	2	4	6.21	8	6	0	0	0	29.0	36	26	20	12	21	2	.313
0	Gavin Perry	Western Kentucky	GR	2	1	6.23	6	6	0	0	0	26.0	33	18	18	12	27	2	.320
0	Reid Bertram	Gardner-Webb	SR	3	2	6.25	6	6	1	0	0	31.2	34	22	22	8	19	7	.288
0	Ethan Wendel	Tarleton	JR	2	1	6.26	6	4	0	0	0	27.1	31	22	19	9	23	4	.282
0	Josh Holst	Air Force	FR	0	2	6.26	6	6	0	0	0	23.0	32	23	16	11	18	5	.323
0	Gaines Estridge	Air Force	JR	1	3	6.27	6	6	0	0	0	33.0	39	26	23	5	24	0	.291
0	Parker Puetz	North Dakota State	JR	1	3	6.31	6	6	0	0	0	25.2	23	22	18	16	33	5	.235
0	Nicholas Finarelli	Long Island	JR	3	2	6.31	5	5	0	0	0	25.2	28	19	18	13	31	4	.275
0	Lance Davis	TCU	FR	1	3	6.31	6	6	0	0	0	25.2	27	19	18	6	16	5	.267
0	Josh Gunther	South Carolina	JR	2	1	6.33	6	4	0	0	0	27.0	26	20	19	11	36	2	.245
0	Garrison Sumner	BYU	SR	1	2	6.34	7	6	0	0	0	32.2	33	23	23	16	38	5	.268
0	Connor Wylde	New Mexico State	SR	4	0	6.35	7	1	0	0	1	22.2	22	18	16	12	16	5	.272
0	Weston Moss	Texas A&M	JR	3	2	6.35	6	6	0	0	0	28.1	31	21	20	8	29	2	.279
0	Garrett Miller	Utah Valley	JR	2	1	6.35	6	4	0	0	0	22.2	27	16	16	10	15	1	.293
0	Gianni Gambardella	Maine	SR	1	3	6.37	6	6	0	0	0	29.2	34	24	21	16	14	1	.279
0	Myles Dismute	Southern	JR	2	1	6.38	9	1	0	0	2	24.0	28	18	17	12	25	1	.292
0	Parker Hampton	Norfolk State	JR	1	2	6.39	6	5	0	0	0	25.1	38	20	18	11	21	1	.355
0	Hayden Bailey	Central Michigan	SR	0	1	6.39	8	7	0	0	0	25.1	31	19	18	11	22	8	.310
0	Griffen Paige	Wright State	JR	1	4	6.41	6	6	0	0	0	26.2	26	21	19	12	22	3	.250
0	Kyle Calzadiaz	San Jose State	SR	1	2	6.48	7	4	0	0	0	25.0	19	19	18	21	29	6	.218
0	Griffin Stieg	Virginia Tech	JR	1	1	6.48	6	6	0	0	0	25.0	30	19	18	14	27	3	.291
0	Brandt Corley	UL Monroe	JR	1	1	6.49	6	6	0	0	0	26.1	33	22	19	11	29	7	.308
0	Alessandro Castro	Nevada	JR	1	1	6.56	7	5	0	0	0	22.2	30	21	17	10	17	2	.313
0	Keenan Anzai	UC Davis	SO	2	1	6.57	7	4	0	0	0	24.2	28	22	18	9	30	1	.283
0	Kevin Reed	Evansville	JR	3	3	6.58	6	6	0	0	0	26.0	29	19	19	18	14	3	.296
0	Owen MacDonnell	La Salle	GR	2	1	6.59	6	4	0	0	0	28.2	29	26	21	18	26	7	.271
0	Chris Domke	Ohio State	SO	2	3	6.59	6	5	0	0	0	27.1	28	20	20	9	34	2	.264
0	Braden Smith	UCF	JR	2	1	6.59	6	6	0	0	0	27.1	37	20	20	5	21	1	.314
0	Andrew Cutler	George Washington	JR	2	1	6.59	6	6	0	0	0	28.2	28	21	21	12	25	4	.257
0	Jorhan LaBoy	Alabama State	JR	3	3	6.68	8	6	0	0	0	32.1	39	25	24	13	24	2	.291
0	Matthew Eagen	Queens (NC)	SO	1	3	6.68	6	6	0	0	0	32.1	41	25	24	8	18	4	.311
0	Cole Fehrman	Saint Joseph’s	SR	0	3	6.75	6	6	0	0	0	25.1	27	21	19	13	32	10	.284
0	Jake Storey	Northern Colorado	SR	0	3	6.75	7	6	0	0	0	30.2	43	30	23	12	30	4	.326
0	Noah Chapman	UNC Greensboro	JR	2	2	6.75	6	6	0	0	0	29.1	38	23	22	12	37	6	.314
0	Patrick Fernandez	Central Arkansas	JR	1	1	6.75	7	6	0	0	0	28.0	30	21	21	14	26	7	.283
0	Brock Buckley	Butler	SR	0	5	6.82	7	6	0	0	1	30.1	42	27	23	12	29	4	.341
0	Ian Koosman	Creighton	SR	0	2	6.85	7	5	0	0	1	22.1	26	18	17	11	22	3	.299
0	Cade Montgomery	Michigan	JR	2	1	6.89	8	6	0	0	0	31.1	36	25	24	9	21	4	.290
0	Charlie West	Connecticut	JR	2	2	6.91	6	6	0	0	0	27.1	38	26	21	15	35	6	.317
0	Karsten Sweum	Gonzaga	SO	1	1	6.91	6	6	0	0	0	27.1	29	23	21	14	35	5	.266
0	Caide White	Central Arkansas	FR	0	2	6.92	6	6	0	0	0	26.0	29	24	20	22	19	4	.287
0	Jeremy Cheeseman	Fairleigh Dickinson	SR	1	2	6.94	5	5	0	0	0	23.1	33	20	18	9	13	4	.351
0	Matthew Delvaux	Mercyhurst	JR	1	2	6.94	5	5	0	0	0	23.1	27	19	18	10	13	7	.284
0	Oliver Pudvar	Connecticut	JR	2	2	6.98	7	6	0	0	0	29.2	35	23	23	13	24	4	.299
0	Will Taylor	Marist	JR	0	2	7.01	6	6	0	0	0	25.2	25	20	20	18	21	2	.266
0	Keevyn Goss	Grambling	JR	1	4	7.04	7	6	0	0	0	23.0	22	20	18	25	20	9	.250
0	Liam Kinneen	Princeton	SO	0	1	7.04	5	5	0	0	0	23.0	23	20	18	20	20	9	.284
0	Drew Nelson	Brown	FR	2	1	7.04	5	5	0	0	0	23.0	29	22	18	13	17	2	.309
0	Griffin Smith	Washington State	SR	1	2	7.06	7	6	0	0	0	29.1	38	25	23	9	18	4	.328
0	Chris Torres	USC Upstate	JR	1	2	7.07	6	6	0	0	0	28.0	37	26	22	13	31	1	.314
0	JC Dermody	UL Monroe	SR	3	1	7.07	6	6	1	0	0	28.0	44	22	22	8	27	4	.349
0	Dillon Kirksey	Coppin State	JR	1	3	7.11	7	6	0	0	0	25.1	28	28	20	16	25	5	.269
0	Jarvis Evans	Purdue	SR	2	2	7.12	6	6	0	0	0	24.0	23	19	19	11	17	4	.256
0	Peter Dubie	Brown	SR	1	3	7.12	5	5	0	0	0	24.0	28	23	19	15	24	3	.295
0	Zach Vriesenga	Western Michigan	JR	1	1	7.12	8	3	0	0	0	24.0	33	23	19	18	20	4	.320
0	Kyle Bade	San Diego	SR	0	3	7.12	7	6	0	0	0	24.0	26	23	19	12	26	7	.263
0	Jayden Lopez	Jackson State	SR	2	1	7.12	5	4	0	0	0	24.0	23	20	19	18	23	1	.253
0	Luca Alagheband	Harvard	SO	0	1	7.12	5	5	0	0	0	24.0	27	20	19	10	18	8	.284
0	Aidan Brainard	Nevada	SR	2	1	7.15	6	3	0	0	1	22.2	33	18	18	14	20	4	.351
0	Reece Wagner	Northern Colorado	JR	1	3	7.16	7	6	0	0	0	27.2	30	25	22	29	21	6	.286
0	Wilson Perkins	Davidson	SR	1	1	7.18	6	6	0	0	0	26.1	38	23	21	8	26	3	.325
0	Chase Hanawalt	Fordham	SO	1	3	7.20	6	6	0	0	0	30.0	25	24	24	12	36	3	.236
0	Alex Hwang	Yale	SO	1	1	7.23	7	6	0	0	0	23.2	22	19	19	16	16	7	.247
0	Nathan Ries	UC San Diego	SO	1	2	7.23	8	1	0	0	0	23.2	32	21	19	11	18	1	.323
0	Jason Krieger	Maine	JR	0	3	7.24	6	6	0	0	0	32.1	45	30	26	16	18	8	.344
0	Ryan King	CSU Bakersfield	SO	1	2	7.24	6	6	0	0	0	27.1	36	22	22	12	29	3	.319
0	Tanner Ware	Oakland	SR	1	3	7.30	6	6	0	0	0	24.2	40	30	20	19	17	2	.367
0	Tim Teixeira	SIU Edwardsville	SO	2	3	7.31	6	6	1	0	0	28.1	36	24	23	12	25	4	.305
0	Jeremy Vest	Delaware State	SO	0	0	7.36	6	3	0	0	0	22.0	25	24	18	17	11	7	.278
0	Chase Ingram	UAB	SR	1	2	7.39	9	5	0	0	1	28.0	34	25	23	12	15	1	.309
0	Benjamin Hudson	Penn State	SO	1	4	7.39	6	6	0	0	0	28.0	35	25	23	8	24	5	.313
0	Thomas Santana	Columbia	SR	1	2	7.41	5	5	0	0	0	23.1	26	16	19	12	22	4	.277
0	Ben Smith	Houston Christian	SR	3	2	7.42	6	6	1	0	0	30.1	39	29	25	11	26	3	.322
0	Davis Wright	Western Carolina	SR	2	1	7.42	6	6	0	0	0	26.2	38	23	22	4	24	1	.328
0	Nick Baffa	Valparaiso	SO	1	1	7.43	7	6	0	0	0	23.0	35	28	19	13	17	1	.365
0	Steele Murdock	UC San Diego	SO	2	1	7.46	6	6	0	0	0	25.1	29	22	21	16	34	7	.282
0	Davis Kahn	Harvard	FR	0	0	7.56	6	1	0	0	0	16.2	23	14	14	6	9	0	.324
0	Dutch DeProspero	Towson	SR	1	2	7.59	6	6	0	0	0	21.1	33	21	18	8	16	3	.340
0	Niccolas Gregson	UC San Diego	GR	0	5	7.62	6	6	0	0	0	28.1	44	29	24	5	30	3	.349
0	Connor Throneberry	Manhattan	GR	1	2	7.62	6	6	0	0	0	28.1	27	27	24	25	26	4	.257
0	Justin DeCastro	Long Island	SR	2	3	7.62	5	5	1	0	0	26.0	33	24	22	9	17	6	.303
0	Tristan Helmick	Lafayette	JR	1	3	7.62	5	5	0	0	0	26.0	36	24	22	8	13	6	.330
0	Alec Belardes	San Diego State	SO	1	3	7.67	6	5	0	0	0	29.1	33	25	25	14	32	7	.289
0	Mahiro Tomita	Nevada	SR	0	1	7.71	6	3	0	0	0	23.1	32	22	20	10	24	4	.330
0	Carter Fink	Niagara	JR	1	4	7.76	6	5	0	0	0	26.2	36	25	23	10	22	4	.327
0	Eli DeRossi	Mount St. Mary’s	JR	2	2	7.76	6	6	0	0	0	26.2	33	27	23	15	30	3	.284
0	Sean Hamilton	Hofstra	SR	0	3	7.77	6	5	0	0	0	22.0	30	21	19	14	19	11	.341
0	Nate Gray	BYU	JR	3	5	7.77	8	4	0	0	0	24.1	28	21	21	22	24	5	.289
0	Aden Knowles	Towson	FR	1	3	7.77	6	1	0	0	0	24.1	28	23	21	10	29	2	.292
0	Brandon Bak	Illinois-Chicago	SR	1	2	7.80	6	6	0	0	0	30.0	44	26	26	10	27	0	.336
0	Nick Hunkele	Merrimack	SO	0	2	7.80	7	5	1	0	1	31.0	38	17	27	15	25	7	.304
0	Daniel Cohen	Yale	SR	1	2	7.84	5	4	0	0	0	20.2	29	21	18	13	12	1	.333
0	JR Tollett	Louisiana	JR	4	1	7.88	7	6	0	0	0	32.0	35	28	28	10	31	5	.278
0	Elliot Eaton	Princeton	JR	1	3	7.89	8	1	0	0	1	21.2	20	21	19	9	14	7	.244
0	Duke McCarron	Saint Joseph’s	JR	2	2	7.92	6	6	0	0	0	25.0	29	24	22	12	27	6	.293
0	Russ Smith	Dallas Baptist	SO	2	2	7.96	7	6	0	0	0	26.0	30	25	23	13	25	6	.294
0	Kayden Sutton	Alcorn State	FR	1	4	7.98	6	6	0	0	0	29.1	39	40	26	25	11	7	.307
0	Blake Morningstar	Wake Forest	JR	2	3	8.00	6	6	0	0	0	27.0	29	29	24	14	33	6	.264
0	Jason Buhl	Western Illinois	GR	0	2	8.03	8	6	0	0	0	24.2	33	24	22	7	19	2	.333
0	Jordan Giacomini	Nevada	JR	3	1	8.03	6	5	0	0	0	24.2	29	23	22	18	25	2	.284
0	Nick Dugan	Stanford	SR	1	2	8.04	6	5	0	0	0	28.0	41	27	25	11	29	1	.333
0	David Case	Memphis	GR	1	5	8.10	6	6	0	0	0	26.2	31	30	24	18	27	1	.292
0	Brayden Marks	North Dakota State	SR	1	4	8.10	6	6	0	0	0	26.2	43	28	24	15	10	4	.368
0	Nate Vargo	Mercyhurst	SO	1	1	8.10	7	2	1	1	0	20.0	33	23	18	9	18	0	.351
0	Aric Ehmke	Milwaukee	SR	0	5	8.10	5	5	0	0	0	23.1	32	27	21	6	15	6	.337
0	Colin Trizuto	Wagner	SR	1	2	8.13	6	6	0	0	0	27.2	41	28	25	16	18	3	.347
0	Mason Gass	Ohio	FR	2	0	8.13	10	0	0	0	0	31.0	43	30	28	5	18	4	.341
0	Chase Carver	Bellarmine	JR	1	4	8.14	8	6	0	0	0	24.1	40	33	22	8	12	1	.348
0	Samuel Wright	Quinnipiac	SO	0	2	8.14	6	6	0	0	0	24.1	31	22	22	15	20	5	.323
0	Brady Bouchard	Binghamton	SO	1	3	8.20	6	6	0	0	0	26.1	38	26	24	10	14	5	.342
0	Carson Mayfield	Cornell	SR	1	4	8.38	5	5	0	0	0	19.1	29	23	18	6	18	2	.345
0	Hayden Lewis	Washington	SR	2	3	8.39	8	4	0	0	0	24.2	29	25	23	15	28	3	.296
0	Tyler Hartley	Marist	JR	2	2	8.42	6	6	0	0	0	25.2	30	25	24	12	18	9	.300
0	Walker Fuller	Norfolk State	SR	0	3	8.42	6	6	0	0	0	25.2	32	31	24	12	20	2	.302
0	Keegan Johnson	Ball State	JR	0	1	8.51	6	6	0	0	0	24.1	23	24	23	15	19	4	.253
0	Drew Townson	Fresno State	SR	0	2	8.51	7	3	0	0	0	24.1	35	28	23	17	16	3	.318
0	Corey Costello	Radford	JR	0	2	8.51	6	6	0	0	0	24.1	29	27	23	20	25	9	.296
0	Tripp Patterson	North Alabama	SO	1	3	8.59	6	6	0	0	0	29.1	40	33	28	13	17	3	.325
0	Jake Cumming	Coppin State	JR	1	4	8.61	7	5	0	0	0	23.0	21	29	22	32	23	5	.250
0	Carter Cox	Northern Illinois	SO	2	2	8.61	7	6	0	0	0	23.0	25	24	22	15	25	7	.266
0	Mason Blasche	Samford	SO	0	5	8.67	6	6	0	0	0	27.0	41	26	26	5	20	1	.350
0	Dominic Voegele	Kansas	JR	2	2	8.68	6	6	0	0	0	28.0	36	28	27	17	31	3	.313
0	Cade Williams	UMES	GR	1	2	8.74	6	4	0	0	0	22.2	31	22	22	20	13	4	.333
0	John Carmichael	Eastern Michigan	JR	0	4	8.77	6	6	0	0	0	25.2	42	31	25	9	21	5	.359
0	Bryan Matuschat	Sacred Heart	SO	1	3	8.82	6	6	0	0	0	33.2	56	37	33	7	17	0	.366
0	Joe Sabbath	Rhode Island	JR	1	3	9.12	6	6	0	0	0	25.2	36	32	26	13	26	7	.327
0	Jayden Barroqueiro	Seton Hall	GR	0	4	9.15	6	4	0	0	0	20.2	30	30	21	11	15	2	.333
0	Jake Francis	Villanova	JR	0	3	9.26	7	6	0	0	1	23.1	46	26	24	4	12	8	.442
0	Michael Lane	Delaware State	JR	1	4	9.41	6	6	0	0	0	22.0	28	32	23	20	25	4	.298
0	Carson Byers	Miami (OH)	SR	2	1	9.47	9	3	0	0	1	25.2	36	29	27	9	19	2	.327
0	Connor Johnston	Rhode Island	SR	1	3	9.62	6	5	0	0	0	24.1	35	27	26	5	21	6	.324
0	Quincy Thornton	Southern	SR	0	3	9.67	7	6	0	0	0	22.1	26	28	24	18	29	11	.292
0	Bobby Spencer	Southern	SR	2	3	9.67	6	6	0	0	0	27.0	39	30	29	15	32	4	.331
0	Shane McAlinden	CSU Bakersfield	JR	1	4	9.69	6	6	0	0	0	26.0	46	34	28	16	15	3	.407
0	Joshua Caravalho	Houston Christian	SR	1	4	10.04	6	6	0	0	0	26.0	33	31	29	13	25	4	.303
0	Tyler Patrick	Fresno State	SO	1	3	10.08	7	6	0	0	0	25.0	51	30	28	7	15	5	.429
0	Ryan Weaver	Northwestern	GR	0	3	10.55	7	7	0	0	0	29.0	42	35	34	13	24	4	.347
0	James Lordi	Long Island	JR	0	2	11.00	6	5	0	0	0	18.0	24	22	22	13	12	2	.320
0	Joe LoPinto	Canisius	JR	2	3	11.12	6	6	0	0	0	22.2	33	28	28	16	18	6	.337
0	Anthony Solis	Eastern Illinois	JR	0	2	11.75	6	6	0	0	0	28.1	46	39	37	14	20	2	.362
0	Hayden Tarsia	Binghamton	JR	1	2	11.81	6	6	0	0	0	21.1	35	30	28	13	22	2	.372
0	AJ Petraitis	Le Moyne	JR	1	4	14.54	6	6	0	0	0	26.0	39	44	42	21	10	4	.339