Qual.	Player	Team	Class	OBP	SLG	OPS	BABIP	BB%	K%	K-BB%	K:BB	WHIP	ERA	FIP	xFIP	SIERA	LOB%
0	Ruger Riojas	Texas	SR	.234	.248	.482	.325	4.5%	41.0%	36.5%	9.11	0.86	1.59	2.09	2.51	1.12	83.8%
0	Dax Whitney	Oregon State	SO	.250	.246	.496	.333	9.7%	48.5%	38.8%	5.00	0.92	1.04	2.47	2.61	0.71	92.7%
0	Hunter Dietz	Arkansas	SO	.280	.274	.554	.379	7.9%	42.5%	34.6%	5.38	1.09	3.86	2.34	2.75	1.25	59.5%
0	Mason Edwards	Southern California	JR	.173	.085	.258	.115	10.4%	47.4%	37.0%	4.56	0.58	0.25	2.45	2.79	1.09	100.0%
0	Logan Reddemann	UCLA	JR	.277	.346	.624	.350	3.6%	34.3%	30.7%	9.53	1.08	2.97	3.29	3.13	1.71	85.8%
0	Ben Blair	Liberty	JR	.197	.232	.429	.243	3.0%	37.9%	34.8%	12.63	0.65	1.53	2.42	3.13	1.22	85.4%
0	Ethan Lund	Oklahoma State	SO	.301	.299	.600	.338	13.4%	42.0%	28.7%	3.13	1.26	3.62	3.85	3.21	1.96	77.3%
0	Darin Horn	Coastal Carolina	SR	.257	.244	.502	.269	6.9%	36.3%	29.4%	5.26	0.86	3.51	3.20	3.24	1.83	69.1%
0	Sean Jenkins	East Carolina	SO	.269	.280	.549	.328	6.4%	34.5%	28.2%	5.39	1.05	2.02	2.85	3.31	1.98	58.0%
0	Camden Sunstrom	Southern Miss	SO	.289	.349	.638	.347	2.6%	27.8%	25.2%	10.69	1.09	2.22	3.47	3.34	2.26	66.2%
0	Andreas Alvarez	Auburn	SO	.268	.257	.525	.308	8.1%	36.6%	28.5%	4.52	0.98	0.85	2.94	3.40	1.96	85.4%
0	Brody Trosclair	Northwestern State	FR	.279	.277	.557	.351	5.4%	38.7%	33.3%	7.17	1.04	1.04	2.66	3.40	1.30	81.1%
0	Casan Evans	LSU	SO	.282	.252	.535	.323	9.9%	38.2%	28.2%	3.86	1.17	4.80	2.91	3.41	1.99	53.4%
0	Ethan Lay	Sacramento State	SR	.223	.382	.605	.247	2.5%	31.0%	28.5%	12.40	0.86	2.27	4.18	3.42	1.93	78.9%
0	Nathan Taylor	Cincinnati	JR	.277	.361	.638	.296	5.9%	32.6%	26.7%	5.53	1.10	3.77	4.54	3.42	2.13	65.5%
0	Colin Fisher	Arkansas	JR	.252	.300	.552	.261	5.9%	31.9%	26.1%	5.41	0.93	2.70	3.98	3.42	2.18	73.6%
0	Chris Levonas	Wake Forest	SO	.238	.303	.540	.245	9.8%	45.9%	36.1%	4.68	0.91	2.05	3.62	3.43	0.90	89.7%
0	Jake Marciano	Auburn	SO	.211	.223	.434	.206	3.0%	38.1%	35.1%	12.70	0.56	1.00	3.19	3.48	1.13	95.2%
0	Dakota Stone	North Florida	JR	.351	.364	.715	.431	8.0%	34.5%	26.5%	4.31	1.50	4.12	3.64	3.49	2.14	77.3%
0	Ryan Peterson	Sam Houston	JR	.252	.323	.574	.286	5.8%	36.7%	30.9%	6.33	0.91	1.80	3.73	3.52	1.55	88.0%
0	Liam Peterson	Florida	JR	.298	.234	.532	.350	12.7%	38.1%	25.4%	3.00	1.22	4.15	2.65	3.52	2.29	67.6%
0	Jack Radel	Notre Dame	JR	.188	.206	.394	.200	4.5%	32.8%	28.4%	7.29	0.69	2.06	3.14	3.56	1.95	58.6%
0	William Schmidt	LSU	SO	.282	.339	.622	.306	7.3%	37.1%	29.8%	5.08	1.07	3.00	4.18	3.56	1.78	91.8%
0	Tomas Valincius	Mississippi State	SO	.244	.248	.492	.267	6.7%	34.8%	28.1%	5.19	0.87	1.04	3.00	3.56	1.99	85.4%
0	Gavin Van Kempen	East Carolina	SR	.241	.235	.477	.246	7.7%	38.5%	30.8%	5.00	0.85	1.84	3.33	3.60	1.59	79.4%
0	Nick DiRito	Appalachian State	JR	.350	.360	.710	.449	7.3%	33.9%	26.6%	4.64	1.48	4.67	2.51	3.61	2.09	74.4%
0	Eric Nachtsheim	McNeese	SR	.273	.359	.632	.292	8.3%	36.8%	28.5%	4.43	1.12	3.18	4.25	3.62	1.83	78.1%
0	Ryan McPherson	Mississippi State	SO	.254	.287	.541	.305	4.6%	30.8%	26.2%	6.70	0.97	2.45	2.90	3.62	2.19	69.6%
0	Cooper Moore	LSU	JR	.303	.361	.664	.338	5.2%	29.1%	23.9%	5.60	1.16	3.38	4.02	3.63	2.37	86.6%
0	Brady Kehlenbrink	Missouri	SO	.276	.368	.644	.342	5.2%	35.1%	29.9%	6.75	1.09	4.91	3.36	3.63	1.65	76.2%
0	Bryce Blevins	Marshall	SR	.301	.409	.710	.357	1.7%	25.6%	23.8%	15.06	1.13	3.98	3.60	3.65	2.44	61.1%
0	Cooper Katskee	Nebraska	JR	.214	.275	.489	.232	4.1%	34.7%	30.6%	8.46	0.74	2.10	3.36	3.66	1.59	87.9%
0	Jacob Dudan	NC State	JR	.269	.333	.602	.302	5.5%	31.5%	26.0%	5.73	1.02	3.72	3.66	3.67	2.22	77.6%
0	Wes Mendes	Florida State	JR	.236	.191	.428	.271	7.4%	34.1%	26.7%	4.61	0.85	1.59	2.56	3.72	2.04	76.7%
0	Dylan Volantis	Texas	SO	.265	.230	.494	.282	8.8%	32.1%	23.4%	3.65	1.02	1.35	2.93	3.73	2.45	83.3%
0	Evan Dempsey	Florida Gulf Coast	JR	.260	.252	.512	.289	6.7%	36.2%	29.5%	5.40	0.88	2.39	2.98	3.75	1.77	82.0%
0	Jackson Flora	UC Santa Barbara	JR	.233	.182	.415	.238	6.8%	34.7%	27.9%	5.10	0.78	0.94	3.06	3.76	1.91	92.0%
0	Hunter Sipe	VMI	SR	.211	.233	.444	.241	2.4%	27.2%	24.8%	11.33	0.73	1.36	3.10	3.77	2.38	44.7%
0	Jaxon Jelkin	Kentucky	JR	.264	.350	.614	.256	6.2%	28.5%	22.3%	4.60	0.98	2.94	4.85	3.78	2.57	85.2%
0	Ben Winslow	Yale	JR	.264	.424	.688	.295	1.9%	33.0%	31.1%	17.37	0.95	3.08	4.69	3.82	1.52	61.9%
0	Rob Evans	Miami	SR	.264	.288	.552	.246	9.6%	34.4%	24.8%	3.58	0.97	3.09	4.15	3.84	2.35	83.3%
0	Max Bayles	Santa Clara	JR	.307	.245	.552	.289	16.4%	40.5%	24.1%	2.47	1.24	1.98	4.02	3.84	2.46	90.1%
0	Jackson Sanders	Auburn	SO	.287	.368	.654	.309	6.2%	34.9%	28.7%	5.63	1.03	3.94	4.25	3.84	1.85	70.1%
0	Maxx Yehl	West Virginia	JR	.297	.234	.531	.303	8.5%	33.8%	25.4%	3.98	1.00	0.84	3.54	3.89	2.29	87.4%
0	Carson Jasa	Nebraska	SO	.333	.290	.623	.371	12.6%	35.4%	22.8%	2.81	1.36	4.30	3.53	3.89	2.57	66.5%
0	Cooper Allen	UNC Wilmington	JR	.214	.262	.476	.241	2.3%	28.2%	26.0%	12.26	0.74	1.29	3.35	3.90	2.24	91.3%
0	Dylan Vigue	Georgia	JR	.271	.266	.537	.267	8.4%	31.8%	23.4%	3.79	0.95	2.30	3.61	3.90	2.45	87.0%
0	Cole Carlon	Arizona State	JR	.272	.369	.641	.246	11.1%	38.1%	27.0%	3.43	1.10	3.19	5.10	3.92	2.00	93.8%
0	Chris Olivier	Lamar	SR	.230	.231	.461	.235	8.1%	34.9%	26.8%	4.31	0.83	1.17	3.03	3.94	2.06	85.9%
0	Mason Christopher	Seton Hall	SO	.301	.326	.627	.328	6.7%	26.0%	19.2%	3.88	1.32	3.57	3.61	3.94	2.91	70.9%
0	Grayden Harris	Southern Miss	SO	.331	.379	.710	.378	5.1%	29.2%	24.1%	5.73	1.24	3.34	3.74	3.98	2.40	75.8%
0	Chase Richter	Arkansas State	GR	.281	.344	.625	.286	4.3%	26.8%	22.5%	6.23	1.01	3.21	4.55	4.00	2.59	86.4%
0	Christian Aiello	Rider	SR	.278	.389	.667	.268	7.6%	34.2%	26.6%	4.50	1.09	5.12	5.31	4.05	2.06	48.8%
0	Matt Archibald	Navy	JR	.306	.296	.602	.338	11.0%	34.9%	24.0%	3.17	1.20	3.09	3.29	4.05	2.38	77.5%
0	Travis Farrell	Seattle	SR	.317	.484	.802	.322	6.7%	29.5%	22.9%	4.40	1.31	4.56	5.63	4.06	2.58	88.5%
0	Corden Pettey	Cal Poly	FR	.341	.414	.756	.419	5.7%	30.9%	25.2%	5.42	1.41	4.55	3.10	4.06	2.27	71.4%
0	Tyler Fay	Alabama	JR	.259	.328	.587	.235	5.4%	31.8%	26.4%	5.89	0.88	4.06	4.93	4.07	2.14	67.6%
0	Kyle Froehlich	Texas State	GR	.283	.465	.748	.316	1.7%	28.3%	26.7%	16.65	1.05	4.08	4.38	4.08	2.16	56.3%
0	Alex Petrovic	Auburn	SO	.262	.301	.563	.286	5.7%	28.5%	22.8%	5.00	1.02	2.97	3.64	4.08	2.58	75.3%
0	Kenny Michaels	Wofford	JR	.261	.390	.652	.299	4.5%	31.5%	27.0%	7.00	1.04	3.86	4.20	4.09	2.15	72.6%
0	Steven Cash	Jacksonville State	SR	.288	.280	.568	.299	6.3%	28.8%	22.5%	4.57	1.01	2.60	3.65	4.10	2.58	81.7%
0	Trevor Hansen	UC Irvine	JR	.279	.319	.598	.315	6.5%	31.0%	24.5%	4.77	1.04	3.29	3.15	4.10	2.34	74.5%
0	Eli Pillsbury	Jacksonville State	SR	.252	.224	.476	.272	4.7%	28.1%	23.4%	5.98	0.83	1.07	3.02	4.10	2.53	84.4%
0	AJ Ciscar	Miami	SO	.281	.383	.664	.290	1.9%	25.2%	23.2%	13.26	1.00	4.00	4.42	4.10	2.57	69.5%
0	Luke Neiswonger	Central Michigan	FR	.361	.452	.813	.392	6.9%	32.6%	25.7%	4.72	1.38	5.34	5.12	4.10	2.25	73.3%
0	Braden Gebhardt	Youngstown State	SR	.250	.246	.496	.247	6.7%	31.5%	24.8%	4.70	0.87	1.18	3.62	4.12	2.33	84.8%
0	LJ Mercurius	Oklahoma	JR	.299	.374	.673	.316	8.8%	33.3%	24.5%	3.78	1.18	3.53	4.28	4.12	2.31	72.9%
0	Tegan Kuhns	Tennessee	SO	.285	.446	.731	.303	3.8%	30.5%	26.7%	8.03	1.10	4.35	5.03	4.13	2.08	76.9%
0	Wyatt Danilowicz	Louisville	SR	.326	.424	.749	.377	9.1%	34.8%	25.8%	3.82	1.32	3.77	3.94	4.14	2.15	79.9%
0	Aidan Weaver	Duke	SR	.287	.376	.663	.270	7.8%	29.5%	21.7%	3.78	1.12	4.02	5.12	4.15	2.69	76.7%
0	Grant Govel	Southern California	SO	.162	.191	.353	.170	2.9%	29.9%	27.0%	10.31	0.54	0.69	3.26	4.17	2.10	93.8%
0	Connor Fennell	Vanderbilt	JR	.301	.448	.749	.316	5.9%	31.6%	25.7%	5.36	1.24	5.74	5.44	4.18	2.17	67.3%
0	Bradley Zayac	Liberty	SO	.273	.311	.584	.310	3.8%	25.2%	21.4%	6.63	0.99	2.16	3.33	4.18	2.79	80.4%
0	Bryan Peck	California Baptist	GR	.311	.417	.727	.304	6.7%	26.7%	20.0%	3.99	1.21	2.87	5.24	4.19	2.81	91.2%
0	Duke Stone	Mississippi State	SO	.296	.423	.719	.291	4.6%	34.3%	29.6%	7.46	0.99	4.10	5.23	4.19	1.69	72.0%
0	Jake Drumm	George Mason	SO	.291	.450	.741	.338	1.0%	26.9%	26.0%	26.90	1.11	3.55	4.51	4.22	2.26	65.6%
0	Caleb Granger	Florida A&M	GR	.343	.410	.753	.410	4.8%	23.8%	19.0%	4.96	1.41	4.50	2.92	4.23	3.08	63.3%
0	Hekili Robello	Hawaii	JR	.289	.328	.617	.309	3.5%	25.4%	21.8%	7.26	1.03	2.91	3.54	4.23	2.58	75.8%
0	Carson Revay	Pacific	JR	.308	.301	.609	.338	6.7%	27.9%	21.2%	4.16	1.19	2.96	3.16	4.25	2.76	59.4%
0	Zane Adams	Alabama	JR	.287	.369	.656	.322	4.7%	25.6%	20.9%	5.45	1.21	4.11	4.01	4.25	2.85	70.1%
0	Luc Fladda	Arizona	SR	.308	.383	.691	.356	2.4%	21.8%	19.4%	9.08	1.17	4.20	3.43	4.27	3.04	70.2%
0	Kaden Segel	Portland	GR	.307	.430	.737	.333	4.3%	21.7%	17.4%	5.05	1.27	3.71	4.08	4.27	3.13	59.0%
0	Max McCrary	Mount St. Mary’s	SR	.323	.350	.673	.294	9.5%	28.4%	18.9%	2.99	1.15	4.76	4.81	4.27	2.90	73.5%
0	Michael Sharman	Clemson	SR	.206	.244	.450	.195	4.0%	23.8%	19.8%	5.95	0.73	2.48	3.90	4.27	2.96	64.7%
0	Tyler Weimer	Arkansas State	SO	.248	.252	.500	.227	7.6%	25.4%	17.8%	3.34	0.94	1.82	4.18	4.29	3.07	80.2%
0	Keenan Anzai	UC Davis	SO	.345	.394	.739	.391	8.2%	27.3%	19.1%	3.33	1.50	6.57	3.60	4.29	3.03	57.4%
0	Lucas Hartman	Virginia	GR	.263	.290	.552	.257	7.5%	26.7%	19.2%	3.56	0.98	1.47	4.05	4.30	3.01	60.3%
0	Joey Volchko	Georgia	JR	.325	.291	.616	.333	11.9%	28.0%	16.1%	2.35	1.37	4.23	3.90	4.30	3.28	79.2%
0	Landon Mack	Tennessee	SO	.367	.388	.755	.380	11.4%	27.9%	16.4%	2.45	1.53	3.38	4.80	4.30	3.09	83.3%
0	Matthew Cuccias	Wichita State	JR	.264	.264	.528	.203	10.4%	29.2%	18.9%	2.81	0.95	3.08	4.54	4.30	2.94	79.4%
0	Andrew Rubayo	Quinnipiac	SR	.314	.393	.706	.349	2.5%	20.8%	18.3%	8.32	1.17	3.90	4.00	4.31	3.04	70.2%
0	Cayden Suchy	Connecticut	SO	.311	.357	.667	.314	8.7%	28.7%	20.0%	3.30	1.24	3.63	4.34	4.31	2.91	69.4%
0	Max Winders	Butler	SO	.270	.433	.704	.317	1.6%	27.0%	25.4%	16.88	1.09	5.04	4.47	4.32	2.47	65.4%
0	Brannon Westmoreland	Little Rock	JR	.250	.301	.551	.252	5.5%	21.4%	15.9%	3.89	0.98	2.70	3.98	4.34	3.28	75.3%
0	Kide Adetuyi	Florida Atlantic	SO	.314	.311	.625	.308	11.5%	31.1%	19.7%	2.70	1.29	2.83	4.59	4.35	2.93	82.8%
0	Liam Watt	Dallas Baptist	SR	.275	.346	.621	.291	3.6%	20.9%	17.3%	5.81	0.99	1.84	4.14	4.35	3.26	88.2%
0	Daniel Quintana	Radford	JR	.327	.382	.709	.333	6.1%	22.4%	16.3%	3.67	1.24	2.31	4.13	4.36	3.13	91.5%
0	Parker Dillhoff	UNLV	SR	.358	.475	.833	.395	10.1%	30.2%	20.1%	2.99	1.55	5.93	4.41	4.37	2.88	73.7%
0	Trent Hillen	Northwestern State	SR	.312	.323	.634	.353	6.5%	28.8%	22.3%	4.43	1.21	5.45	3.35	4.38	2.64	64.9%
0	Shane Sdao	Texas A&M	JR	.286	.396	.681	.316	2.7%	25.9%	23.1%	9.59	1.12	4.15	4.22	4.38	2.57	71.4%
0	Trey Newmann	Portland	JR	.342	.400	.742	.365	6.1%	24.3%	18.3%	3.98	1.50	5.47	4.72	4.39	3.11	66.1%
0	Brady Hoover	Longwood	FR	.348	.382	.731	.368	3.4%	21.0%	17.6%	6.18	1.22	5.00	4.05	4.40	3.07	66.5%
0	Gage Peterson	Appalachian State	JR	.272	.265	.537	.268	11.0%	34.6%	23.5%	3.15	1.05	1.35	3.40	4.41	2.41	78.7%
0	Jack Ohman	Yale	SO	.284	.293	.577	.238	13.6%	35.2%	21.6%	2.59	1.14	3.86	4.45	4.42	2.63	72.1%
0	Sawyer Pruitt	Louisiana	FR	.268	.331	.599	.292	5.9%	27.0%	21.1%	4.58	1.03	1.42	3.61	4.42	2.79	88.7%
0	Michael Addari	Illinois State	JR	.298	.300	.598	.302	7.7%	27.9%	20.2%	3.62	1.08	1.38	3.84	4.43	2.89	84.5%
0	Brady Hamilton	Wichita State	JR	.361	.389	.750	.385	6.1%	22.4%	16.3%	3.67	1.47	4.68	4.28	4.43	3.36	71.1%
0	Drew Turner	UNC Asheville	FR	.311	.259	.570	.329	12.6%	32.6%	20.0%	2.59	1.21	3.00	3.24	4.43	2.86	68.3%
0	Caden Glauber	North Carolina	FR	.275	.204	.480	.250	11.0%	33.9%	22.9%	3.08	1.00	2.33	3.72	4.43	2.50	80.4%
0	Brady Bendik	Navy	JR	.311	.328	.640	.333	9.2%	27.5%	18.3%	2.99	1.29	2.52	3.57	4.44	3.10	78.9%
0	Zack Konstantinovsky	Rutgers	SO	.310	.410	.719	.343	7.1%	28.3%	21.2%	3.99	1.30	4.33	4.27	4.44	2.74	68.2%
0	Jaxon Shineflew	South Alabama	JR	.233	.202	.435	.254	6.8%	31.1%	24.3%	4.57	0.85	2.00	2.81	4.44	2.42	62.5%
0	Ryan Marohn	NC State	JR	.327	.315	.642	.333	11.1%	33.3%	22.2%	3.00	1.20	2.02	4.27	4.46	2.58	80.7%
0	Jaxon Lloyd	Longwood	GR	.268	.304	.572	.278	6.6%	29.1%	22.5%	4.41	1.00	1.95	3.67	4.47	2.59	91.4%
0	Eric Segura	Oregon State	JR	.351	.299	.650	.365	10.4%	29.6%	19.1%	2.85	1.31	1.69	3.65	4.47	2.87	95.0%
0	Tate Evans	Yale	SR	.346	.347	.693	.377	5.6%	25.0%	19.4%	4.46	1.37	3.09	3.40	4.49	2.92	64.9%
0	Ryan Castillo	New Mexico	JR	.278	.282	.560	.289	10.5%	31.6%	21.1%	3.01	1.07	2.41	3.12	4.49	2.73	75.7%
0	Marty Coyne	Pennsylvania	JR	.271	.299	.570	.268	3.4%	21.8%	18.5%	6.41	0.90	2.70	3.90	4.51	3.06	85.0%
0	Connor Marshburn	UNC Wilmington	JR	.294	.218	.513	.280	6.6%	27.0%	20.4%	4.09	1.01	3.69	3.58	4.51	2.83	72.5%
0	Landon Hood	Gonzaga	FR	.302	.253	.555	.286	9.3%	31.8%	22.4%	3.42	1.09	2.92	3.90	4.51	2.61	78.4%
0	Tony Neubeck	Indiana	GR	.313	.472	.785	.319	6.9%	25.9%	19.0%	3.75	1.27	3.49	5.35	4.53	3.05	82.8%
0	Mikiah Negrete	Cal State Fullerton	SR	.342	.417	.760	.390	3.4%	24.8%	21.5%	7.29	1.32	2.52	4.08	4.53	2.79	87.6%
0	Ian Korn	West Virginia	GR	.310	.375	.685	.310	5.7%	23.0%	17.2%	4.04	1.19	4.29	4.64	4.54	3.25	70.2%
0	Micah Worley	Stony Brook	SR	.354	.264	.618	.353	14.0%	35.1%	21.1%	2.51	1.42	3.28	4.14	4.54	2.75	75.1%
0	Zach Erdman	Purdue	SR	.336	.389	.725	.333	6.3%	21.7%	15.4%	3.44	1.29	3.78	4.79	4.55	3.15	81.8%
0	James Litman	Florida Atlantic	SO	.308	.362	.669	.333	7.7%	28.7%	21.0%	3.73	1.30	3.27	4.10	4.57	2.77	77.9%
0	Branton Little	Wofford	SR	.295	.343	.637	.325	2.7%	20.4%	17.7%	7.56	1.18	2.73	3.61	4.58	3.31	63.3%
0	Owen Kramkowski	Arizona	JR	.368	.537	.906	.424	5.8%	25.5%	19.7%	4.40	1.67	5.65	4.63	4.58	2.97	73.7%
0	Brandon Stone	South Carolina	JR	.310	.333	.644	.293	8.5%	23.1%	14.5%	2.72	1.29	2.39	4.61	4.58	3.47	72.3%
0	Rohan Lettow	San Diego State	JR	.307	.384	.691	.321	9.3%	31.4%	22.1%	3.38	1.23	2.97	4.18	4.59	2.61	72.2%
0	Mason Pennington	Southeast Missouri State	SR	.301	.300	.601	.298	8.0%	26.3%	18.2%	3.29	1.16	2.76	4.19	4.60	3.13	81.2%
0	Colby Barker	Merrimack	JR	.254	.221	.476	.260	6.8%	23.9%	17.1%	3.51	1.09	0.35	3.31	4.61	3.30	79.3%
0	David Leslie	Pittsburgh	GR	.328	.395	.723	.329	6.4%	23.2%	16.8%	3.63	1.34	5.08	4.82	4.62	3.27	57.1%
0	Kurt Barr	Michigan	SR	.312	.269	.581	.319	9.4%	29.1%	19.7%	3.10	1.17	3.60	3.42	4.62	2.93	74.4%
0	Deron Swanson	Toledo	GR	.305	.333	.638	.329	4.7%	20.8%	16.0%	4.43	1.24	3.96	3.78	4.62	3.44	58.8%
0	Joseph Taylor	Charlotte	JR	.349	.318	.667	.353	14.7%	29.5%	14.7%	2.01	1.52	3.41	4.10	4.62	3.44	75.1%
0	Diego Gutierrez	San Diego	GR	.322	.528	.850	.323	8.3%	31.7%	23.3%	3.82	1.29	5.97	6.04	4.63	2.52	70.9%
0	Camden Wimbish	Campbell	JR	.267	.366	.632	.254	5.7%	25.5%	19.8%	4.47	0.99	4.26	4.27	4.63	2.97	67.5%
0	Gabe Gaeckle	Arkansas	JR	.333	.435	.769	.349	7.9%	27.1%	19.3%	3.43	1.44	2.87	5.13	4.65	3.04	84.6%
0	Scott Doran	Coastal Carolina	SO	.268	.302	.570	.259	9.1%	31.3%	22.2%	3.44	1.04	4.12	4.06	4.67	2.72	60.3%
0	Drew Harlow	Marshall	GR	.331	.412	.743	.337	7.9%	25.2%	17.2%	3.19	1.34	4.98	4.55	4.68	3.22	73.7%
0	Nathan Aceves	UC Santa Barbara	SO	.321	.278	.599	.307	9.7%	29.1%	19.4%	3.00	1.19	3.77	4.05	4.68	2.97	76.9%
0	Michael Senay	South Florida	FR	.215	.194	.409	.228	3.5%	24.3%	20.8%	6.94	0.71	0.68	3.13	4.68	2.88	83.9%
0	Max Kaplan	USC Upstate	SO	.333	.390	.723	.353	6.1%	23.5%	17.4%	3.85	1.28	4.31	4.21	4.69	3.27	67.2%
0	Bryson Moore	Florida State	JR	.308	.337	.644	.288	10.3%	24.8%	14.5%	2.41	1.27	3.58	4.56	4.69	3.50	75.3%
0	Gavin Blachowicz	Nebraska	SO	.313	.340	.653	.288	7.8%	31.9%	24.1%	4.09	1.02	2.86	4.80	4.70	2.36	78.6%
0	Braden Smith	UCF	JR	.344	.441	.785	.351	4.0%	16.8%	12.8%	4.20	1.54	6.59	5.33	4.71	3.60	74.9%
0	Isaiah Magdaleno	Hawaii	JR	.267	.286	.552	.250	7.8%	28.8%	20.9%	3.69	0.94	2.82	3.93	4.71	2.79	75.3%
0	Andrew Evans	Southern Illinois	SR	.284	.237	.521	.265	10.4%	26.1%	15.7%	2.51	1.09	2.12	3.95	4.73	3.43	79.2%
0	Nate Isler	Dartmouth	JR	.344	.415	.759	.370	10.6%	28.7%	18.1%	2.71	1.52	5.31	3.91	4.73	3.11	68.6%
0	Michael Malki	California Baptist	SO	.318	.290	.608	.293	14.6%	36.2%	21.5%	2.48	1.25	2.67	4.24	4.73	2.63	83.8%
0	Carter Burnette	Western Carolina	SO	.326	.483	.809	.321	6.8%	25.8%	18.9%	3.79	1.32	5.52	5.74	4.73	3.05	63.6%
0	Ethan Kleinschmit	Oregon State	JR	.315	.398	.713	.288	9.7%	30.6%	21.0%	3.15	1.23	3.99	5.47	4.73	2.74	78.1%
0	Ben Rabatin	Kent State	SO	.311	.464	.775	.279	7.3%	28.5%	21.1%	3.90	1.21	4.03	6.32	4.74	2.75	88.7%
0	Aidan King	Florida	SO	.278	.276	.554	.284	6.0%	25.6%	19.7%	4.27	1.02	1.27	3.70	4.74	2.98	65.4%
0	Max Vaisvila	Northern Illinois	SR	.284	.326	.610	.278	5.4%	24.2%	18.8%	4.48	1.04	3.19	4.39	4.75	3.10	76.7%
0	Maddox Meyer	Omaha	SO	.321	.419	.740	.388	1.8%	22.5%	20.7%	12.50	1.38	4.01	3.17	4.75	3.02	62.5%
0	Ryne Rodriguez	Houston	SR	.324	.267	.591	.286	12.6%	28.2%	15.5%	2.24	1.22	2.55	4.43	4.76	3.37	82.3%
0	Andrelys Payamps	Iona	GR	.336	.242	.578	.304	13.8%	31.0%	17.2%	2.25	1.22	2.67	3.96	4.77	3.15	68.4%
0	Luke Earnhardt	Winthrop	JR	.319	.370	.690	.365	7.5%	28.3%	20.8%	3.77	1.35	4.28	3.38	4.77	3.02	62.8%
0	Ryan Piech	Xavier	JR	.267	.330	.597	.196	9.4%	34.2%	24.8%	3.64	0.90	3.72	5.02	4.77	2.26	74.8%
0	Chase Hanawalt	Fordham	SO	.320	.377	.697	.310	9.3%	27.9%	18.6%	3.00	1.23	7.20	4.71	4.77	3.06	50.3%
0	Tommy Egan	Troy	SR	.344	.373	.717	.370	6.4%	28.8%	22.4%	4.50	1.29	5.02	4.17	4.78	2.60	74.6%
0	Declan Dahl	Louisiana Tech	JR	.328	.429	.757	.333	8.4%	26.0%	17.6%	3.10	1.35	4.94	4.97	4.78	3.21	66.8%
0	Zac Sohosky	Miami (OH)	SR	.336	.417	.753	.342	9.0%	22.1%	13.1%	2.46	1.50	4.39	4.50	4.79	3.74	53.8%
0	Roberto Velasquez	VMI	GR	.396	.442	.838	.400	7.5%	20.6%	13.1%	2.75	1.58	3.65	5.48	4.79	3.40	87.3%
0	Esaid Pena	Alabama State	SR	.330	.324	.654	.342	6.1%	21.7%	15.7%	3.56	1.32	4.21	4.04	4.79	3.49	64.6%
0	Connor Lockwood	Valparaiso	SR	.277	.386	.662	.297	1.3%	15.6%	14.4%	12.00	1.03	3.76	4.01	4.80	3.56	63.1%
0	Gabriel Barrett	San Francisco	SR	.341	.384	.725	.384	2.2%	19.3%	17.0%	8.77	1.29	3.98	3.31	4.80	3.39	71.1%
0	Colby Allen	Southern Miss	SR	.357	.441	.797	.371	6.9%	20.8%	13.8%	3.01	1.53	3.07	4.85	4.80	3.62	76.6%
0	Nathan Leininger	Toledo	SR	.260	.259	.519	.219	9.3%	24.0%	14.7%	2.58	1.02	2.41	4.64	4.80	3.54	86.2%
0	Aden Knowles	Towson	FR	.370	.490	.860	.371	9.1%	26.4%	17.3%	2.90	1.56	7.77	6.13	4.80	3.24	48.5%
0	Adam Jamison	Lipscomb	SO	.333	.404	.738	.329	6.7%	20.0%	13.3%	2.99	1.39	3.42	5.24	4.81	3.72	63.8%
0	Colter McAnelly	Utah	JR	.274	.308	.582	.238	8.8%	24.8%	16.1%	2.82	1.09	3.94	4.72	4.81	3.39	70.1%
0	Gaines Estridge	Air Force	JR	.317	.448	.764	.336	3.6%	17.1%	13.6%	4.75	1.33	6.27	4.50	4.81	3.73	62.8%
0	Collin Clarke	Oregon	JR	.250	.311	.561	.218	4.6%	28.5%	23.8%	6.20	0.78	2.79	4.52	4.81	2.45	79.6%
0	Max Hansmann	Evansville	SR	.375	.508	.883	.382	6.9%	24.3%	17.4%	3.52	1.60	5.74	5.96	4.82	3.25	72.4%
0	Lincoln Sheffield	Kansas State	SR	.326	.398	.725	.327	4.8%	19.9%	15.1%	4.15	1.26	3.97	4.73	4.82	3.39	67.8%
0	Andrew Johnson	Southern California	SO	.266	.310	.576	.253	8.5%	29.5%	20.9%	3.47	1.04	2.27	4.28	4.82	2.86	87.2%
0	Kros Sivley	Southern Miss	SR	.262	.320	.582	.290	3.9%	26.2%	22.3%	6.72	0.99	2.84	3.40	4.83	2.82	89.8%
0	Andrew Herrmann	Louisiana	GR	.277	.350	.627	.185	10.0%	30.6%	20.6%	3.06	0.97	3.20	5.85	4.83	2.78	78.9%
0	Jacob Turner	Bowling Green	SR	.365	.495	.860	.356	4.7%	17.9%	13.2%	3.81	1.48	4.81	6.31	4.83	3.41	87.1%
0	Nick Dugan	Stanford	SR	.390	.463	.853	.419	8.0%	21.2%	13.1%	2.65	1.86	8.04	4.45	4.83	3.77	57.8%
0	Gavin Perry	Western Kentucky	GR	.398	.485	.884	.413	10.0%	22.5%	12.5%	2.25	1.73	6.23	4.86	4.83	3.78	67.9%
0	Hunter Possehl	Florida Gulf Coast	SO	.352	.349	.701	.343	10.2%	29.1%	18.9%	2.85	1.36	4.82	4.65	4.83	3.00	60.7%
0	Oliver de la Torre	California	JR	.301	.318	.619	.289	8.0%	25.6%	17.6%	3.20	1.10	2.70	4.01	4.84	3.22	67.4%
0	Mason Lei	Illinois-Chicago	JR	.304	.403	.707	.293	4.4%	21.3%	16.9%	4.84	1.05	3.72	5.38	4.84	3.38	67.6%
0	Sergio Lopez	UT Rio Grande Valley	GR	.326	.365	.691	.354	7.0%	26.4%	19.4%	3.77	1.38	4.97	4.00	4.85	3.04	66.3%
0	Josh Gunther	South Carolina	JR	.325	.481	.806	.308	9.1%	29.8%	20.7%	3.27	1.37	6.33	6.00	4.86	2.83	62.1%
0	Colin Fitzgerald	Penn State	SR	.382	.417	.799	.415	9.8%	25.0%	15.2%	2.55	1.71	5.79	4.02	4.87	3.47	59.7%
0	Niccolas Gregson	UC San Diego	GR	.385	.587	.972	.418	3.7%	22.1%	18.4%	5.97	1.73	7.62	5.81	4.88	3.19	55.0%
0	Luc Rising	Northeastern	SR	.235	.215	.450	.209	4.8%	24.0%	19.2%	5.00	0.76	1.37	3.93	4.88	3.05	84.1%
0	Chris Domke	Ohio State	SO	.333	.519	.852	.323	7.6%	28.8%	21.2%	3.79	1.35	6.59	6.38	4.88	2.88	71.9%
0	James Hays	Stetson	JR	.375	.432	.807	.385	7.8%	24.8%	17.1%	3.18	1.54	3.86	5.02	4.88	3.28	77.6%
0	Patrick Steitz	VCU	SR	.235	.246	.481	.222	5.8%	24.5%	18.7%	4.22	0.83	2.00	3.97	4.89	3.18	82.2%
0	Daniel Powell	Kennesaw State	JR	.264	.227	.491	.235	10.2%	28.4%	18.2%	2.78	0.96	1.57	4.01	4.90	3.20	78.7%
0	Amp Phillips	South Carolina	JR	.285	.294	.578	.234	11.0%	22.8%	11.8%	2.07	1.13	2.32	5.08	4.90	3.90	90.9%
0	Matt Gallant	Charleston Southern	SO	.327	.476	.803	.325	3.6%	16.2%	12.6%	4.50	1.40	5.61	5.93	4.91	3.94	69.0%
0	Derek Arrocha	Jackson State	JR	.336	.419	.755	.357	8.4%	27.3%	18.9%	3.25	1.42	5.40	4.41	4.91	3.14	65.4%
0	Joey Giordano	Richmond	SO	.262	.324	.587	.256	6.5%	25.8%	19.4%	3.97	0.97	2.32	4.04	4.91	3.11	78.8%
0	Ben Alekson	Fairfield	JR	.307	.331	.638	.308	7.7%	23.8%	16.1%	3.09	1.19	1.57	4.22	4.93	3.42	87.1%
0	Vincent Spizzoucco	Pittsburgh	GR	.306	.410	.716	.284	8.9%	21.4%	12.5%	2.40	1.23	5.53	5.09	4.94	3.82	57.0%
0	Will Sanford	Oregon	SO	.266	.178	.443	.206	11.7%	34.4%	22.7%	2.94	0.93	1.44	3.83	4.94	2.55	85.9%
0	Logan Rumberg	George Mason	SR	.352	.321	.673	.329	12.4%	26.4%	14.0%	2.13	1.42	3.94	4.83	4.95	3.52	85.3%
0	Lukas Pirko	Texas Tech	JR	.363	.471	.834	.337	9.6%	19.9%	10.3%	2.07	1.62	5.46	6.12	4.95	3.79	66.7%
0	Gavin Eddy	California	SO	.295	.317	.612	.291	5.9%	23.7%	17.8%	4.02	1.05	2.70	4.25	4.95	3.23	80.1%
0	Nate Bennett	Niagara	SO	.310	.235	.545	.315	10.9%	31.7%	20.8%	2.91	1.12	1.80	3.42	4.95	2.81	80.6%
0	Tyler Lutz	James Madison	FR	.310	.462	.772	.277	5.0%	21.8%	16.8%	4.36	1.20	5.01	6.27	4.96	3.37	75.0%
0	Owen Phypers	Navy	FR	.298	.379	.677	.264	6.8%	23.1%	16.2%	3.40	1.08	2.51	5.42	4.96	3.42	91.5%
0	EJ Garcia	Incarnate Word	SR	.344	.414	.758	.345	2.5%	16.9%	14.4%	6.76	1.31	5.50	4.81	4.97	3.56	66.3%
0	Kole Klecker	Arizona State	SR	.327	.429	.756	.309	8.2%	24.5%	16.4%	2.99	1.32	5.61	5.55	4.98	3.37	69.1%
0	Gabriel Hernandez	Cal State Northridge	SO	.301	.444	.745	.277	3.0%	15.0%	12.0%	5.00	1.13	4.13	5.73	4.98	3.58	81.8%
0	Dylan Marionneaux	Northwestern State	JR	.286	.423	.708	.303	4.5%	21.9%	17.4%	4.87	1.17	4.17	4.17	4.98	3.32	62.8%
0	Chansen Cole	West Virginia	SO	.316	.317	.633	.271	12.0%	24.8%	12.8%	2.07	1.30	4.00	4.91	4.99	3.52	81.9%
0	Ethan Sanders	Rice	FR	.301	.429	.729	.292	6.3%	22.4%	16.1%	3.56	1.20	4.63	5.21	4.99	3.45	69.4%
0	Aiden Sims	Texas A&M	SO	.278	.327	.605	.233	7.9%	27.6%	19.7%	3.49	0.97	3.77	4.76	5.00	2.94	68.2%
0	Ryan Lynch	North Carolina	SO	.329	.320	.649	.311	6.2%	23.3%	17.1%	3.76	1.15	3.71	4.58	5.01	3.28	81.4%
0	Ciaran Caughey	Kent State	SR	.262	.381	.642	.229	4.7%	30.7%	26.0%	6.53	0.88	2.35	5.09	5.02	2.36	84.6%
0	Wade Walton	High Point	SO	.312	.341	.653	.280	10.4%	20.8%	10.4%	2.00	1.28	3.67	5.05	5.02	3.91	77.9%
0	Tanner Foertsch	Omaha	SO	.338	.462	.801	.359	6.9%	20.6%	13.7%	2.99	1.50	5.83	4.28	5.02	3.75	60.7%
0	Ryan Douglas	Stonehill	GR	.333	.417	.750	.337	3.8%	14.2%	10.4%	3.74	1.36	5.04	4.77	5.03	3.77	55.9%
0	David James	St. Bonaventure	SR	.308	.322	.630	.288	11.9%	25.9%	14.1%	2.18	1.30	4.11	4.11	5.03	3.61	53.0%
0	Chet Lax	Wright State	JR	.256	.345	.601	.235	4.1%	20.7%	16.5%	5.05	0.92	2.37	4.74	5.03	3.42	82.1%
0	Mason Steele	UAB	JR	.329	.373	.702	.337	6.4%	22.1%	15.7%	3.45	1.27	4.91	4.00	5.03	3.48	67.3%
0	David Rossow	Campbell	SR	.322	.306	.628	.299	8.5%	26.3%	17.8%	3.09	1.15	3.33	4.27	5.04	3.18	75.8%
0	Benjamin Stubbs	Troy	SR	.317	.403	.720	.297	7.0%	18.3%	11.3%	2.61	1.32	3.51	5.30	5.04	3.84	83.8%
0	Beau Elson	Fordham	SO	.361	.425	.786	.386	4.7%	20.3%	15.5%	4.32	1.50	5.23	4.59	5.04	3.57	66.9%
0	Henry Zatkowski	Virginia	SO	.333	.322	.655	.321	8.7%	26.8%	18.1%	3.08	1.30	5.58	4.51	5.04	3.13	53.2%
0	Brady Pendley	Georgia Southern	SR	.365	.378	.743	.376	8.5%	24.1%	15.6%	2.84	1.47	4.70	4.18	5.05	3.39	65.8%
0	Cooper Clark	Campbell	SO	.282	.380	.662	.296	4.3%	23.1%	18.8%	5.37	1.08	5.20	3.70	5.05	3.16	57.0%
0	Josh Newell	Lindenwood	SR	.270	.301	.570	.258	5.2%	14.4%	9.2%	2.77	1.05	2.13	4.20	5.06	4.13	78.3%
0	Bryce McKnight	San Diego State	JR	.352	.455	.807	.304	7.7%	21.5%	13.8%	2.79	1.38	4.34	6.67	5.06	3.50	73.8%
0	Kellan Montgomery	UC Santa Barbara	SR	.318	.368	.686	.279	8.4%	19.8%	11.5%	2.36	1.19	3.86	5.58	5.07	3.90	84.7%
0	Bryce Riggs	Eastern Illinois	JR	.243	.246	.489	.213	8.1%	29.4%	21.3%	3.63	0.86	2.31	3.96	5.07	3.06	79.5%
0	Alec Couture	Monmouth	GR	.344	.347	.691	.366	7.5%	20.3%	12.8%	2.71	1.47	4.80	3.59	5.08	3.86	53.3%
0	Adrian Valdez	San Francisco	JR	.319	.359	.678	.321	5.3%	17.5%	12.3%	3.30	1.21	3.54	4.20	5.08	3.94	63.6%
0	Jaxson Pease	Tennessee Tech	SR	.346	.439	.785	.369	4.5%	15.2%	10.6%	3.38	1.52	4.25	4.00	5.09	4.05	64.2%
0	Dakoda West	Utah Tech	SR	.366	.460	.827	.359	7.0%	21.7%	14.7%	3.10	1.52	5.68	5.81	5.09	3.50	71.1%
0	Jacob Gutierrez	CSU Bakersfield	SR	.310	.303	.613	.300	7.6%	26.1%	18.5%	3.43	1.08	3.14	4.06	5.09	3.15	66.5%
0	Dawson Montesa	West Virginia	JR	.313	.336	.649	.275	10.2%	29.7%	19.5%	2.91	1.13	4.65	4.86	5.09	2.96	72.6%
0	Blake Lobell	Southeastern Louisiana	SR	.379	.383	.761	.375	9.7%	20.1%	10.4%	2.07	1.60	4.60	4.56	5.09	3.93	76.1%
0	Jack Nelson	Arkansas State	GR	.273	.295	.568	.211	9.3%	28.7%	19.4%	3.09	0.99	3.45	5.15	5.10	2.98	85.0%
0	Trace Hartman	Stetson	JR	.287	.276	.563	.280	9.2%	21.1%	11.9%	2.29	1.18	2.73	3.69	5.10	3.96	74.2%
0	Jonah Johnson	Loyola Marymount	SR	.347	.455	.801	.333	7.5%	21.8%	14.3%	2.91	1.41	4.50	5.63	5.10	3.66	84.1%
0	Charlie Hale	Connecticut	JR	.279	.305	.583	.266	7.7%	22.5%	14.8%	2.92	1.08	1.53	4.25	5.11	3.64	91.2%
0	Evan Blanco	Tennessee	SR	.289	.287	.576	.235	10.9%	32.1%	21.2%	2.94	1.03	2.73	4.65	5.13	2.90	83.3%
0	Nate Kress	Bowling Green	SO	.330	.360	.690	.359	5.4%	22.3%	17.0%	4.13	1.34	4.97	3.39	5.13	3.37	73.0%
0	Harbersting Abreu	Bethune-Cookman	JR	.345	.393	.737	.342	8.4%	23.5%	15.1%	2.80	1.43	2.63	5.01	5.13	3.53	87.0%
0	Kenyon Collins	Marshall	SO	.368	.342	.711	.373	11.0%	27.2%	16.2%	2.47	1.53	5.34	4.28	5.14	3.35	69.3%
0	Drew Talavs	San Diego State	JR	.346	.422	.768	.316	10.2%	27.0%	16.8%	2.65	1.38	5.34	5.49	5.15	3.27	70.0%
0	JR Tollett	Louisiana	JR	.355	.571	.926	.294	7.1%	22.0%	14.9%	3.10	1.41	7.88	7.88	5.15	3.49	61.1%
0	Danny Cihocki	Northern Illinois	JR	.318	.391	.709	.263	9.7%	25.4%	15.7%	2.62	1.15	3.82	5.84	5.15	3.44	82.9%
0	Spencer Seid	Georgetown	GR	.277	.277	.555	.241	8.7%	28.3%	19.6%	3.25	0.98	2.67	4.28	5.16	3.02	76.7%
0	Brian Strange	Elon	GR	.293	.393	.686	.250	8.5%	27.7%	19.1%	3.26	1.11	4.32	5.39	5.16	3.01	67.6%
0	Liam Diehl	Towson	JR	.398	.475	.873	.403	8.3%	25.8%	17.5%	3.11	1.54	4.62	5.07	5.16	3.18	70.1%
0	Serigne Sarre	Mount St. Mary’s	SO	.353	.331	.683	.342	11.5%	28.8%	17.3%	2.50	1.45	5.64	4.62	5.16	3.20	67.1%
0	JC Dermody	UL Monroe	SR	.406	.516	.922	.427	5.8%	19.6%	13.8%	3.38	1.86	7.07	5.06	5.17	3.73	71.4%
0	Logan Runde	Iowa	GR	.337	.453	.790	.323	3.1%	21.6%	18.6%	6.97	1.20	4.98	5.43	5.18	3.18	64.7%
0	Edwin Sanchez	Bethune-Cookman	SR	.277	.261	.538	.257	10.8%	30.0%	19.2%	2.78	1.07	2.20	4.08	5.20	3.24	87.3%
0	Brendan Holland	Jacksonville	GR	.339	.431	.771	.319	11.2%	25.0%	13.8%	2.23	1.46	3.71	5.60	5.21	3.67	83.8%
0	Raymond Ladd	Radford	SO	.297	.258	.555	.266	7.8%	23.5%	15.7%	3.01	1.08	2.62	4.35	5.21	3.47	76.9%
0	Alfred Mucciarone	UMass Lowell	JR	.354	.436	.790	.330	6.8%	17.4%	10.6%	2.56	1.45	4.25	5.74	5.21	4.06	84.2%
0	Nate Vargo	Mercyhurst	SO	.404	.511	.914	.413	8.6%	17.1%	8.6%	1.99	2.10	8.10	5.17	5.21	4.20	38.3%
0	Isaac Morton	Minnesota	JR	.323	.360	.683	.272	9.6%	23.0%	13.3%	2.40	1.20	3.41	5.30	5.22	3.70	74.7%
0	Griffin Naess	Cal Poly	JR	.296	.272	.568	.297	8.4%	25.2%	16.8%	3.00	1.18	3.55	3.48	5.24	3.38	73.8%
0	John Chambers	Ball State	SR	.348	.337	.685	.328	12.5%	26.8%	14.3%	2.14	1.42	3.20	4.47	5.24	3.57	71.8%
0	Alec Bouchard	Wofford	JR	.333	.319	.652	.321	9.8%	24.8%	15.0%	2.53	1.40	2.15	4.59	5.25	3.55	94.7%
0	Folger Boaz	North Carolina	JR	.359	.368	.727	.357	5.8%	17.5%	11.7%	3.02	1.44	4.44	4.46	5.25	3.90	73.9%
0	Hunter Colagrande	Stony Brook	SO	.362	.528	.890	.355	5.1%	21.4%	16.2%	4.20	1.46	5.88	6.11	5.25	3.46	80.0%
0	Carter Harrington	College of Charleston	FR	.348	.303	.651	.333	11.2%	21.6%	10.3%	1.93	1.44	1.37	4.12	5.25	3.94	72.5%
0	Dylan Banner	Albany	SR	.336	.374	.710	.316	7.2%	17.3%	10.1%	2.40	1.45	4.55	4.90	5.26	4.02	57.9%
0	Brock Buckley	Butler	SR	.414	.423	.837	.436	8.4%	20.3%	11.9%	2.42	1.78	6.82	4.41	5.26	3.88	60.1%
0	Adam Behrens	Loyola Marymount	JR	.304	.441	.745	.291	2.9%	16.7%	13.8%	5.76	1.14	5.57	4.94	5.26	3.77	60.8%
0	Regan Hall	Illinois	JR	.289	.328	.617	.276	3.9%	19.7%	15.8%	5.05	1.01	2.95	4.36	5.26	3.54	64.7%
0	Evan Chaffee	St. John’s	JR	.344	.402	.745	.315	7.5%	17.3%	9.8%	2.31	1.35	5.04	5.05	5.26	3.94	64.0%
0	EJ Miramontes	Northern Kentucky	GR	.317	.405	.722	.317	4.9%	21.3%	16.4%	4.35	1.22	5.34	4.80	5.26	3.49	74.0%
0	Gabe LeBlanc	Stephen F. Austin	SR	.298	.351	.649	.296	3.8%	15.1%	11.3%	3.97	1.16	3.24	4.27	5.26	4.15	67.6%
0	Garrett Ahern	Grand Canyon	JR	.364	.411	.775	.346	9.1%	22.0%	12.9%	2.42	1.50	4.82	5.01	5.28	3.71	63.3%
0	Brendan Garza	Ball State	SO	.319	.386	.705	.320	6.2%	19.3%	13.1%	3.11	1.30	4.91	4.40	5.28	3.92	61.6%
0	Lance Williams	Maryland	SO	.373	.508	.881	.350	6.3%	25.7%	19.4%	4.08	1.39	5.97	6.68	5.28	3.00	67.1%
0	Brandt Corley	UL Monroe	JR	.402	.467	.869	.382	8.6%	22.7%	14.1%	2.64	1.67	6.49	6.16	5.29	3.46	63.9%
0	Jesus Tovar	Texas State	JR	.325	.206	.531	.260	8.9%	23.4%	14.5%	2.63	0.99	2.97	4.48	5.29	3.30	75.0%
0	Sam Simmons	UTSA	SR	.284	.264	.549	.256	6.8%	16.2%	9.4%	2.38	1.12	1.63	4.49	5.29	4.10	69.6%
0	Zach Todd	Pacific	JR	.347	.356	.703	.295	14.5%	30.6%	16.1%	2.11	1.34	2.79	5.35	5.30	3.31	90.2%
0	Mario Pesca	Oklahoma State	SR	.384	.366	.749	.364	9.5%	23.1%	13.6%	2.43	1.48	4.73	5.06	5.30	3.56	77.1%
0	Seth Benes	Lindenwood	JR	.280	.202	.481	.237	12.4%	22.1%	9.7%	1.78	1.10	1.73	4.03	5.30	4.14	85.0%
0	William Andrade	New Orleans	FR	.380	.337	.717	.313	13.8%	25.2%	11.4%	1.83	1.46	3.62	6.01	5.30	3.75	81.3%
0	Brandon Bak	Illinois-Chicago	SR	.380	.550	.930	.390	7.0%	19.0%	12.0%	2.71	1.80	7.80	5.71	5.31	4.00	70.2%
0	Weston Moss	Texas A&M	JR	.333	.550	.883	.303	6.5%	23.4%	16.9%	3.60	1.38	6.35	7.02	5.31	3.44	70.5%
0	Tate Jones	New Jersey Tech	SO	.330	.367	.698	.338	6.6%	17.0%	10.4%	2.58	1.44	4.18	3.79	5.31	4.15	77.1%
0	Cole Fehrman	Saint Joseph’s	SR	.417	.379	.796	.397	10.7%	26.2%	15.6%	2.45	1.58	6.75	5.58	5.32	3.43	69.9%
0	Joseph Lee	Samford	SR	.272	.392	.664	.197	7.8%	22.6%	14.8%	2.90	1.01	3.45	6.39	5.32	3.63	75.2%
0	Lakin Polk	Southeastern Louisiana	SR	.351	.431	.782	.343	5.9%	13.2%	7.4%	2.24	1.55	6.07	4.88	5.33	4.35	63.3%
0	Smith Bailey	Arizona	SO	.314	.355	.669	.289	9.7%	22.2%	12.5%	2.29	1.25	3.93	4.90	5.33	3.85	75.4%
0	J.D. Rodriguez	Tulane	SR	.363	.427	.790	.297	13.6%	27.2%	13.6%	2.00	1.54	3.38	6.59	5.34	3.64	94.7%
0	Nicholas Finarelli	Long Island	JR	.375	.382	.757	.362	10.8%	25.8%	15.0%	2.39	1.60	6.31	5.45	5.34	3.56	76.0%
0	Luke Harrison	Texas	GR	.328	.336	.665	.305	9.1%	23.5%	14.4%	2.58	1.25	2.37	4.38	5.36	3.59	84.1%
0	A.J. Colarusso	Boston College	SR	.323	.416	.739	.310	6.3%	18.9%	12.6%	3.00	1.36	4.08	5.42	5.36	4.01	64.0%
0	Jake Storey	Northern Colorado	SR	.399	.447	.846	.404	8.0%	20.0%	12.0%	2.50	1.79	6.75	5.21	5.36	3.96	65.7%
0	Daniel Gonzalez	South Alabama	JR	.358	.395	.753	.338	11.1%	25.9%	14.8%	2.33	1.50	3.38	5.21	5.36	3.53	89.0%
0	Wilson Perkins	Davidson	SR	.380	.462	.841	.400	6.2%	20.2%	14.0%	3.26	1.75	7.18	4.58	5.36	3.72	67.1%
0	PJ Craig	Rider	SR	.388	.396	.784	.373	13.1%	26.2%	13.1%	2.00	1.65	4.39	5.53	5.37	3.72	79.4%
0	Jack Pineau	Creighton	JR	.338	.444	.783	.300	8.0%	24.8%	16.8%	3.10	1.32	4.45	5.89	5.37	3.33	82.1%
0	Ethan Norby	East Carolina	JR	.390	.429	.819	.392	7.0%	26.6%	19.6%	3.80	1.57	3.77	5.58	5.38	2.97	78.9%
0	Ashton Chronister	Xavier	JR	.316	.368	.684	.295	5.3%	14.0%	8.8%	2.64	1.24	4.28	4.98	5.38	4.26	81.3%
0	Sam Schlecht	South Dakota State	SR	.303	.347	.650	.291	7.6%	23.5%	15.9%	3.09	1.22	3.26	4.41	5.39	3.51	80.6%
0	Cole Van Assen	Purdue	JR	.383	.464	.847	.375	6.4%	19.1%	12.8%	2.98	1.67	5.83	5.69	5.39	3.79	74.4%
0	Cam Bagwell	Wake Forest	SO	.297	.361	.658	.239	9.0%	24.3%	15.3%	2.70	1.12	2.77	5.38	5.39	3.50	72.9%
0	David Thomas	San Jose State	SR	.343	.451	.794	.349	6.3%	17.5%	11.2%	2.78	1.53	5.34	4.82	5.40	4.13	67.0%
0	Oliver Ellison	Gardner-Webb	JR	.378	.471	.849	.406	5.3%	21.2%	15.9%	4.00	1.61	5.18	4.97	5.40	3.63	71.4%
0	Josh McDevitt	Missouri	JR	.315	.265	.580	.230	15.7%	31.5%	15.7%	2.01	1.16	3.19	4.91	5.40	3.36	86.0%
0	Edwin Alicea	South Florida	JR	.325	.348	.673	.278	7.9%	21.1%	13.2%	2.67	1.21	3.89	5.23	5.40	3.77	73.7%
0	Davis Wright	Western Carolina	SR	.352	.612	.965	.353	3.3%	19.5%	16.3%	5.91	1.58	7.42	7.01	5.40	3.64	66.0%
0	Ty Brooks	Indiana State	SO	.240	.261	.501	.182	6.5%	17.5%	11.0%	2.69	0.85	2.31	5.00	5.40	4.14	82.3%
0	Dylan Smith	San Jose State	SR	.317	.316	.633	.319	6.7%	21.0%	14.3%	3.13	1.27	4.81	4.14	5.41	3.78	79.1%
0	Noah Chapman	UNC Greensboro	JR	.397	.488	.885	.422	8.4%	25.9%	17.5%	3.08	1.70	6.75	4.97	5.41	3.23	73.4%
0	Jace Gillmore	Santa Clara	JR	.288	.424	.713	.243	8.0%	20.5%	12.5%	2.56	1.18	4.10	5.68	5.41	3.90	72.0%
0	Jared Schaeffer	Dallas Baptist	SR	.360	.405	.765	.330	7.9%	16.7%	8.7%	2.11	1.48	4.45	5.61	5.42	4.17	73.5%
0	Kai Leckszas	Georgetown	SR	.317	.330	.648	.305	7.1%	22.8%	15.7%	3.21	1.20	3.00	4.55	5.42	3.64	78.0%
0	Nuno Parache	Nicholls	SR	.311	.378	.690	.300	7.3%	22.8%	15.4%	3.12	1.29	4.18	4.90	5.42	3.59	65.1%
0	Carson Mayfield	Cornell	SR	.394	.560	.953	.391	6.4%	19.1%	12.8%	2.98	1.81	8.38	6.38	5.43	3.90	51.0%
0	Tate McKee	Georgia Tech	JR	.381	.433	.814	.311	15.3%	26.3%	11.0%	1.72	1.59	4.44	6.85	5.43	3.92	92.1%
0	Hunter Elliott	Ole Miss	SR	.356	.398	.754	.259	14.8%	32.6%	17.8%	2.20	1.32	3.48	6.70	5.44	3.10	90.9%
0	Ethan Wendel	Tarleton	JR	.358	.436	.794	.333	7.2%	18.4%	11.2%	2.56	1.46	6.26	5.48	5.44	4.03	55.3%
0	Matt Sauser	UCF	JR	.212	.158	.369	.173	6.7%	19.2%	12.5%	2.87	0.71	0.64	3.83	5.44	3.94	90.9%
0	Kale Hammer	Seattle	SO	.288	.372	.661	.271	5.7%	21.7%	16.0%	3.81	1.07	4.26	4.59	5.44	3.65	62.5%
0	Ty Horn	Nebraska	JR	.338	.281	.619	.317	11.3%	24.1%	12.8%	2.13	1.38	3.26	4.41	5.44	3.78	78.0%
0	Garrett Grant	Florida Atlantic	FR	.394	.425	.818	.382	7.9%	17.3%	9.4%	2.19	1.70	3.67	5.21	5.44	4.04	82.6%
0	Christian Charalambous	Presbyterian	SO	.338	.441	.779	.344	6.2%	17.7%	11.5%	2.85	1.45	5.90	4.21	5.45	4.08	56.3%
0	Callen Powers	Massachusetts	JR	.336	.360	.696	.329	7.7%	21.5%	13.8%	2.79	1.31	4.25	4.27	5.45	3.80	74.5%
0	Gavin Kuzniewski	Ohio State	FR	.355	.418	.773	.302	12.1%	22.0%	9.9%	1.82	1.57	4.40	6.31	5.45	4.11	72.1%
0	John Damozonio	Saint Mary’s	SR	.328	.322	.651	.299	5.7%	22.1%	16.4%	3.88	1.09	2.81	4.47	5.46	3.41	75.7%
0	Cole Selvig	Minnesota	JR	.355	.362	.717	.333	11.2%	24.0%	12.8%	2.14	1.41	4.45	4.56	5.46	3.79	75.1%
0	Michael Harpster	East Tennessee State	JR	.341	.321	.662	.288	11.6%	25.6%	14.0%	2.21	1.31	3.94	5.45	5.46	3.63	77.9%
0	Tyler Ray	Utah Tech	SR	.333	.375	.708	.298	10.1%	16.0%	5.9%	1.58	1.41	5.53	5.22	5.46	4.49	60.8%
0	Brett Lanman	Abilene Christian	JR	.303	.390	.693	.275	7.5%	25.6%	18.0%	3.41	1.14	3.41	5.16	5.47	3.32	81.4%
0	Camden Matthews	Alabama State	FR	.342	.358	.700	.329	9.9%	23.1%	13.2%	2.33	1.44	3.33	4.76	5.47	3.89	68.1%
0	Brendon Miller	Fairfield	SO	.368	.276	.644	.333	13.1%	25.2%	12.1%	1.92	1.52	2.82	4.45	5.47	3.71	69.2%
0	Jacob Price	Eastern Kentucky	JR	.331	.447	.778	.333	4.4%	18.1%	13.8%	4.11	1.43	4.29	5.29	5.48	3.87	71.7%
0	Aidan Coleman	Abilene Christian	JR	.339	.482	.821	.302	6.3%	18.9%	12.6%	3.00	1.40	5.02	6.56	5.48	3.93	75.1%
0	Keyon Guillory	Grambling	JR	.391	.365	.756	.351	16.4%	23.4%	7.0%	1.43	1.82	6.15	5.17	5.48	4.09	59.7%
0	Tanner Walker	Florida A&M	SR	.309	.277	.586	.258	8.2%	21.4%	13.3%	2.61	1.00	1.80	4.71	5.48	3.79	73.4%
0	Caylon Dygert	UT Arlington	JR	.276	.234	.510	.246	8.3%	15.4%	7.1%	1.86	1.12	1.91	4.15	5.49	4.32	79.1%
0	Tim Teixeira	SIU Edwardsville	SO	.388	.508	.897	.345	9.0%	18.7%	9.7%	2.08	1.69	7.31	7.02	5.49	4.03	68.8%
0	Michael Barnett	UCLA	SR	.336	.489	.826	.246	10.3%	23.4%	13.1%	2.27	1.23	3.81	7.19	5.50	3.76	87.0%
0	Jonathan Adelmann	Bucknell	JR	.316	.271	.587	.260	12.6%	21.8%	9.2%	1.73	1.26	3.00	4.39	5.50	4.18	62.2%
0	Karsten Sweum	Gonzaga	SO	.369	.413	.782	.347	10.8%	26.9%	16.2%	2.49	1.57	6.91	5.77	5.50	3.38	63.7%
0	Nate Harris	Kentucky	SO	.321	.278	.599	.258	11.0%	25.7%	14.7%	2.34	1.14	4.97	4.74	5.50	3.55	74.4%
0	Myles Dismute	Southern	JR	.366	.448	.814	.352	10.6%	22.1%	11.5%	2.08	1.67	6.38	5.49	5.50	3.97	48.9%
0	Cristian Mogen	New Mexico	SO	.346	.442	.787	.329	7.4%	23.5%	16.2%	3.18	1.40	4.50	5.42	5.51	3.43	74.9%
0	Ethan Eberle	Louisville	SO	.406	.416	.822	.392	11.2%	23.1%	11.9%	2.06	1.84	5.40	5.72	5.51	3.77	80.3%
0	Ty Uber	Notre Dame	GR	.300	.289	.589	.270	9.8%	20.5%	10.7%	2.09	1.20	3.38	4.42	5.53	4.12	72.8%
0	Easton Teel	Oral Roberts	SO	.290	.400	.690	.269	5.0%	21.3%	16.3%	4.26	1.09	2.73	5.07	5.53	3.50	87.2%
0	Tadan Bell	East Tennessee State	JR	.341	.411	.753	.309	9.6%	20.0%	10.4%	2.08	1.41	4.13	5.43	5.54	4.14	82.0%
0	Andrew Carroll	Southeast Missouri State	JR	.342	.454	.795	.293	6.7%	17.5%	10.8%	2.61	1.31	4.66	6.77	5.54	4.18	79.8%
0	Harrison Thayer	UT Rio Grande Valley	SO	.303	.364	.667	.274	8.9%	19.4%	10.5%	2.18	1.25	5.16	5.12	5.55	4.20	57.9%
0	Huxley Holcombe	Cornell	JR	.366	.488	.853	.328	11.6%	21.1%	9.5%	1.82	1.60	5.66	6.03	5.56	4.22	70.5%
0	Aidan Donovan	Michigan State	SO	.343	.390	.733	.327	6.5%	15.8%	9.4%	2.43	1.39	3.13	4.88	5.56	4.29	74.7%
0	Connor Johnston	Rhode Island	SR	.383	.509	.893	.369	4.2%	17.5%	13.3%	4.17	1.64	9.62	6.10	5.57	3.82	52.0%
0	Cody Templeton	Stephen F. Austin	SR	.379	.397	.776	.359	8.9%	21.2%	12.3%	2.38	1.55	4.55	5.38	5.57	3.91	76.8%
0	Clayton Burke	Miami (OH)	GR	.275	.459	.734	.247	4.1%	26.4%	22.3%	6.44	0.95	4.30	5.39	5.57	3.29	69.2%
0	Maxwell Schumacher	Tennessee-Martin	SR	.385	.439	.823	.366	6.3%	15.7%	9.4%	2.49	1.60	4.54	5.48	5.57	4.12	73.5%
0	Lance Davis	TCU	FR	.339	.386	.725	.301	5.4%	14.3%	8.9%	2.65	1.29	6.31	5.38	5.57	4.18	62.5%
0	Alex Walsh	Jacksonville	SR	.351	.393	.744	.333	8.8%	21.2%	12.4%	2.41	1.40	3.45	5.16	5.58	3.95	86.4%
0	Ethan Calder	Baylor	SR	.330	.333	.664	.325	7.9%	18.4%	10.5%	2.33	1.35	4.39	4.35	5.59	4.18	64.6%
0	Mason Blasche	Samford	SO	.382	.624	1.006	.371	4.0%	16.1%	12.1%	4.03	1.70	8.67	7.42	5.60	4.13	69.8%
0	Jayden Harper	Cal State Fullerton	SR	.345	.358	.703	.323	12.3%	26.3%	14.0%	2.14	1.46	5.33	4.87	5.62	3.65	74.6%
0	Noel Valdez	UC Davis	SR	.367	.493	.859	.376	7.3%	18.0%	10.7%	2.47	1.62	4.50	4.86	5.63	4.29	72.8%
0	Jack Frankel	Tulane	SO	.361	.409	.770	.333	7.3%	12.9%	5.6%	1.77	1.48	4.45	5.26	5.63	4.66	80.1%
0	Ty Brachbill	High Point	JR	.336	.482	.818	.314	7.2%	20.3%	13.1%	2.82	1.43	4.19	5.91	5.64	3.94	77.5%
0	Ross Norman	Coastal Carolina	JR	.336	.466	.802	.326	0.8%	16.8%	16.0%	21.00	1.21	6.21	5.51	5.65	3.67	60.4%
0	Peyton Dhein	VMI	SO	.397	.430	.827	.364	10.9%	21.1%	10.2%	1.94	1.69	5.40	5.97	5.65	4.03	72.1%
0	Champ Davis	Wofford	SR	.383	.330	.714	.376	10.4%	21.5%	11.1%	2.07	1.62	2.86	4.27	5.66	4.05	72.5%
0	Jackson Hinchliffe	Richmond	JR	.356	.449	.805	.315	4.1%	12.2%	8.1%	2.98	1.41	4.44	6.31	5.66	4.41	68.7%
0	Cam Staton	Saint Mary’s	JR	.356	.524	.880	.315	10.1%	21.8%	11.8%	2.16	1.64	5.40	6.95	5.66	3.97	65.5%
0	Cooper Golden	McNeese	SR	.362	.372	.734	.367	7.9%	18.9%	11.0%	2.39	1.48	4.97	4.00	5.66	4.09	67.4%
0	Pierce Herrenbruck	Ohio State	JR	.336	.349	.685	.294	7.0%	18.0%	10.9%	2.57	1.32	4.61	5.22	5.66	4.06	66.3%
0	Ty Roman	Louisiana	JR	.345	.455	.800	.280	7.0%	23.8%	16.8%	3.40	1.26	5.97	6.86	5.66	3.35	71.4%
0	Cade Montgomery	Michigan	JR	.355	.444	.799	.327	6.5%	15.1%	8.6%	2.32	1.44	6.89	5.48	5.67	4.34	55.8%
0	Carter Monke	Michigan State	GR	.331	.382	.713	.308	6.9%	15.9%	9.0%	2.30	1.31	2.94	4.58	5.68	4.37	77.3%
0	Nic Schutte	Murray State	SR	.340	.304	.644	.305	7.6%	20.0%	12.4%	2.63	1.28	3.66	4.70	5.68	3.83	79.8%
0	Garrett Miller	Utah Valley	JR	.358	.391	.750	.321	9.3%	14.0%	4.7%	1.51	1.63	6.35	5.59	5.68	4.61	65.3%
0	Bobby Spencer	Southern	SR	.417	.508	.926	.417	10.8%	23.0%	12.2%	2.13	2.00	9.67	6.02	5.69	3.91	63.0%
0	Nolan Sliver	Kennesaw State	SR	.396	.418	.814	.377	9.4%	19.8%	10.4%	2.11	1.68	3.57	5.47	5.69	4.07	81.6%
0	Mitchell Heer	South Alabama	GR	.331	.295	.626	.253	11.6%	21.9%	10.3%	1.89	1.24	3.97	5.64	5.69	4.06	79.9%
0	Colton Kennedy	Utah Valley	SR	.347	.385	.732	.333	12.2%	25.2%	13.0%	2.07	1.56	5.96	4.39	5.70	3.79	49.3%
0	James Guyette	Kansas State	JR	.387	.424	.811	.337	9.9%	24.5%	14.6%	2.47	1.47	5.51	6.37	5.70	3.58	82.4%
0	Mark Rogers	Canisius	FR	.375	.446	.821	.323	9.2%	16.3%	7.1%	1.77	1.50	6.14	6.36	5.70	4.42	56.6%
0	Ricky Ojeda	UC Irvine	JR	.380	.410	.790	.352	7.9%	23.0%	15.1%	2.91	1.35	4.61	5.22	5.71	3.56	64.8%
0	Mahiro Tomita	Nevada	SR	.414	.505	.920	.414	9.0%	21.6%	12.6%	2.40	1.80	7.71	5.77	5.71	3.87	62.2%
0	Steven Svenson	Seton Hall	SO	.367	.327	.694	.349	6.7%	18.3%	11.7%	2.73	1.39	3.38	4.35	5.71	4.04	65.9%
0	Mark Scamardella	New Jersey Tech	GR	.309	.341	.651	.228	10.2%	23.5%	13.3%	2.30	1.15	4.76	5.90	5.72	3.76	65.9%
0	Thomas Shurtleff	Pennsylvania	SR	.369	.391	.760	.333	8.4%	14.0%	5.6%	1.67	1.50	5.25	5.57	5.72	4.60	68.2%
0	Trajan Lee	Georgetown	GR	.351	.318	.669	.300	8.3%	21.8%	13.5%	2.63	1.19	4.35	5.23	5.72	3.76	81.0%
0	Ben Smith	Houston Christian	SR	.387	.545	.932	.363	7.9%	18.7%	10.8%	2.37	1.65	7.42	6.60	5.72	4.16	56.1%
0	Camden Wicker	UCF	JR	.288	.273	.561	.172	10.6%	20.2%	9.6%	1.91	0.99	2.84	6.11	5.73	4.05	89.1%
0	Jace Stancil	College of Charleston	FR	.377	.374	.751	.382	8.5%	20.5%	12.0%	2.41	1.54	4.62	4.07	5.73	3.99	72.1%
0	Garrison Sumner	BYU	SR	.370	.415	.784	.357	10.9%	25.9%	15.0%	2.38	1.50	6.34	5.15	5.74	3.56	68.3%
0	Brandon Kosel	Utah Tech	JR	.259	.287	.546	.224	8.0%	21.2%	13.3%	2.65	0.98	1.88	4.60	5.74	4.40	87.8%
0	Benjamin Hudson	Penn State	SO	.372	.554	.926	.352	6.2%	18.6%	12.4%	3.00	1.54	7.39	5.90	5.74	3.95	61.3%
0	Steele Murdock	UC San Diego	SO	.409	.437	.846	.388	12.6%	26.8%	14.2%	2.13	1.78	7.46	5.91	5.75	3.59	66.9%
0	Mathis Nayral	Kansas	JR	.322	.429	.751	.286	8.1%	22.0%	13.8%	2.72	1.25	6.11	5.29	5.75	3.83	63.2%
0	Declan Wywoda	George Washington	SO	.337	.438	.775	.333	6.0%	15.0%	9.0%	2.50	1.35	6.08	4.48	5.75	4.53	50.6%
0	Sam Novotny	South Dakota State	JR	.336	.444	.780	.321	6.8%	15.6%	8.8%	2.29	1.44	4.86	5.09	5.77	4.43	64.7%
0	Ryan Mealy	Monmouth	SO	.375	.537	.912	.356	8.0%	19.7%	11.7%	2.46	1.67	5.70	6.86	5.78	4.08	75.2%
0	Troy Shepard	Southern Illinois	SR	.354	.385	.739	.304	9.0%	21.8%	12.8%	2.42	1.30	5.22	5.28	5.78	3.81	64.8%
0	Gavin Lyons	Texas A&M	SO	.323	.491	.814	.268	5.5%	20.5%	15.0%	3.73	1.24	4.03	6.99	5.79	3.70	76.9%
0	Jake Moss	Pennsylvania	SR	.368	.379	.746	.363	9.2%	19.3%	10.1%	2.10	1.60	5.61	4.55	5.80	4.22	62.5%
0	Charlie West	Connecticut	JR	.418	.525	.943	.405	10.6%	24.8%	14.2%	2.34	1.94	6.91	6.91	5.80	3.62	67.2%
0	Bryan Matuschat	Sacred Heart	SO	.387	.614	1.001	.366	4.3%	10.4%	6.1%	2.42	1.87	8.82	7.10	5.80	4.92	61.8%
0	Mason Gass	Ohio	FR	.377	.484	.861	.376	3.6%	12.9%	9.3%	3.58	1.55	8.13	4.86	5.80	4.50	46.7%
0	Will Holmes	The Citadel	GR	.369	.379	.748	.313	14.5%	27.5%	13.0%	1.90	1.50	5.34	5.70	5.81	3.73	73.1%
0	Jaden Wywoda	Holy Cross	SR	.293	.325	.618	.260	5.6%	17.6%	12.0%	3.14	1.07	3.48	4.76	5.81	4.14	78.5%
0	Parker Hampton	Norfolk State	JR	.413	.514	.927	.425	8.9%	17.1%	8.1%	1.92	1.93	6.39	4.59	5.81	4.50	67.9%
0	Luke Howe	Long Beach State	FR	.329	.355	.684	.308	6.9%	14.4%	7.5%	2.09	1.31	5.15	4.56	5.81	4.69	62.5%
0	Garrett Holpuch	Tennessee Tech	SR	.368	.520	.888	.333	9.5%	17.5%	8.0%	1.84	1.70	5.22	6.66	5.82	4.44	86.5%
0	Ryan Weaver	Northwestern	GR	.421	.554	.975	.394	9.2%	16.9%	7.7%	1.84	1.90	10.55	6.68	5.83	4.45	59.6%
0	Max Haug	George Washington	SR	.389	.378	.768	.379	9.0%	19.5%	10.5%	2.17	1.55	5.59	4.38	5.83	4.12	58.8%
0	Brayden Gilley	Winthrop	JR	.350	.463	.814	.326	8.0%	19.6%	11.6%	2.45	1.44	4.60	5.61	5.84	4.16	73.1%
0	Logan Anderson	Portland	FR	.355	.297	.652	.304	12.8%	19.3%	6.4%	1.51	1.37	4.44	5.07	5.84	4.35	82.0%
0	Ryan Weller	Southern Indiana	JR	.341	.262	.604	.284	12.1%	18.5%	6.5%	1.53	1.37	3.90	4.71	5.84	4.37	71.4%
0	Owen Quinn	Ball State	SR	.330	.322	.652	.319	6.1%	16.2%	10.1%	2.66	1.25	1.88	4.53	5.85	4.48	78.4%
0	Dominic Voegele	Kansas	JR	.409	.470	.878	.390	12.3%	22.5%	10.1%	1.83	1.89	8.68	6.12	5.86	4.18	57.5%
0	Jaron Bleeker	Iowa	SO	.336	.371	.707	.289	8.0%	17.0%	8.9%	2.13	1.27	4.15	5.35	5.86	4.34	78.9%
0	Felix Morin	Canisius	SR	.354	.472	.826	.316	7.6%	18.1%	10.4%	2.38	1.45	5.01	6.16	5.88	4.20	65.9%
0	Chris Torres	USC Upstate	JR	.383	.686	1.070	.329	9.6%	23.0%	13.3%	2.40	1.79	7.07	9.29	5.89	3.90	73.1%
0	Owen Winebarger	Elon	SO	.277	.319	.596	.222	7.7%	16.3%	8.7%	2.12	1.00	4.00	5.56	5.89	4.76	75.6%
0	Andrew Berg	Army	SR	.314	.358	.671	.283	7.6%	15.3%	7.6%	2.01	1.24	3.47	4.59	5.90	4.53	64.4%
0	James Fordham	Western Carolina	JR	.328	.337	.664	.269	10.8%	19.2%	8.3%	1.78	1.24	4.66	5.29	5.90	4.42	74.6%
0	Jason DeCaro	North Carolina	JR	.345	.311	.656	.297	10.7%	19.3%	8.6%	1.80	1.35	1.65	5.23	5.91	4.38	84.1%
0	Garrett Lambert	Mercer	FR	.325	.298	.622	.246	14.0%	27.2%	13.2%	1.94	1.27	4.50	5.25	5.92	3.79	67.3%
0	Blake Morningstar	Wake Forest	JR	.377	.573	.950	.294	10.7%	25.2%	14.5%	2.36	1.59	8.00	8.47	5.92	3.63	65.9%
0	Elijah Griffith	Akron	JR	.305	.365	.670	.245	5.6%	14.8%	9.2%	2.64	1.07	2.94	5.58	5.93	4.37	82.5%
0	Ethan Foley	California	JR	.365	.423	.788	.354	5.1%	16.7%	11.6%	3.27	1.43	5.58	4.96	5.93	4.12	61.4%
0	Jason Gerfers	Long Beach State	FR	.333	.283	.617	.247	11.3%	22.7%	11.3%	2.01	1.12	3.28	5.35	5.93	3.98	82.3%
0	Luke Meyers	Washington State	SR	.379	.409	.787	.358	9.0%	15.8%	6.8%	1.76	1.66	6.21	5.23	5.94	4.69	59.3%
0	Davis Kahn	Harvard	FR	.377	.437	.813	.371	7.8%	11.7%	3.9%	1.50	1.74	7.56	4.31	5.94	4.83	48.3%
0	Jacob Sitton	Tennessee-Martin	SR	.345	.343	.688	.295	10.8%	20.5%	9.6%	1.90	1.42	2.21	5.43	5.95	4.24	77.7%
0	Payton Riske	Utah	JR	.350	.411	.762	.352	5.0%	16.0%	10.9%	3.20	1.42	5.06	4.38	5.95	4.39	68.2%
0	Jalen Porter	Arkansas-Pine Bluff	GR	.351	.449	.800	.297	11.4%	21.5%	10.1%	1.89	1.50	5.51	6.24	5.95	4.20	71.1%
0	Noah Kenney	Washington	JR	.380	.367	.747	.360	12.6%	23.1%	10.5%	1.83	1.65	5.04	4.76	5.95	4.12	64.6%
0	Parker Puetz	North Dakota State	JR	.370	.459	.829	.288	13.1%	27.0%	13.9%	2.06	1.52	6.31	7.27	5.96	3.65	64.6%
0	Drew Lafferty	Pittsburgh	JR	.389	.446	.835	.373	5.3%	15.0%	9.7%	2.83	1.60	5.18	5.35	5.96	4.25	68.0%
0	Sam Carlisle	Western Michigan	JR	.337	.298	.634	.262	16.3%	23.1%	6.7%	1.42	1.48	3.91	5.14	5.97	4.53	74.4%
0	Liam O'Leary	St. John’s	JR	.309	.355	.664	.277	6.4%	15.4%	9.0%	2.41	1.17	2.39	5.13	5.98	4.57	81.8%
0	Will Labonte	Portland	FR	.320	.303	.623	.294	11.0%	19.7%	8.7%	1.79	1.32	2.08	4.48	5.98	4.52	88.1%
0	Josh Willitts	New Jersey Tech	GR	.381	.389	.770	.338	13.0%	20.0%	7.0%	1.54	1.62	4.62	5.57	5.99	4.63	72.1%
0	Tysen Benford	Georgia State	JR	.323	.360	.683	.277	6.9%	15.3%	8.4%	2.22	1.23	3.00	5.29	5.99	4.53	71.4%
0	Carter Fink	Niagara	JR	.403	.518	.921	.381	8.0%	17.6%	9.6%	2.20	1.72	7.76	6.21	5.99	4.30	67.6%
0	Andrew Cutler	George Washington	JR	.352	.459	.811	.291	9.4%	19.7%	10.2%	2.10	1.40	6.59	6.56	5.99	4.24	64.9%
0	Tyrell Williams	Presbyterian	JR	.364	.462	.825	.337	7.6%	17.4%	9.8%	2.29	1.61	5.79	5.96	6.00	4.40	68.4%
0	Ryan King	CSU Bakersfield	SO	.398	.504	.903	.400	9.3%	22.5%	13.2%	2.42	1.76	7.24	5.79	6.00	4.10	68.3%
0	Hayden Frey	Toledo	FR	.330	.333	.664	.273	9.6%	18.3%	8.7%	1.91	1.26	3.00	5.40	6.00	4.47	79.5%
0	JT Guerrero	Grand Canyon	JR	.376	.453	.829	.355	7.4%	16.9%	9.6%	2.28	1.57	4.60	5.52	6.01	4.33	76.4%
0	Everett Garber	Bucknell	SO	.400	.443	.843	.383	11.0%	19.7%	8.7%	1.79	1.72	6.07	4.96	6.01	4.35	65.8%
0	Jon Whiteside	Dayton	SO	.365	.423	.788	.330	9.5%	18.2%	8.8%	1.92	1.49	4.28	5.49	6.01	4.38	80.3%
0	Patrick Fernandez	Central Arkansas	JR	.402	.453	.854	.342	11.0%	20.5%	9.4%	1.86	1.57	6.75	6.64	6.01	4.18	81.5%
0	Chandler Alderman	Middle Tennessee	JR	.325	.477	.803	.281	6.5%	15.4%	8.9%	2.37	1.37	3.90	6.40	6.02	4.49	72.7%
0	Gunnar Nichols	Washington	SR	.318	.341	.659	.228	13.0%	26.9%	13.9%	2.07	1.17	4.56	5.69	6.03	3.91	77.2%
0	Sam Fairhurst	Lehigh	JR	.371	.522	.894	.317	7.5%	21.7%	14.2%	2.89	1.50	5.56	7.54	6.03	3.79	85.0%
0	Easton Tumis	Kent State	SO	.286	.364	.650	.264	2.9%	15.7%	12.9%	5.41	1.00	3.71	4.67	6.03	4.20	75.3%
0	Owen Marsolek	St. Thomas	FR	.358	.465	.823	.326	8.7%	22.0%	13.3%	2.53	1.44	4.32	5.92	6.03	4.05	82.6%
0	Griffin Stieg	Virginia Tech	JR	.388	.534	.922	.338	11.6%	22.3%	10.7%	1.92	1.76	6.48	7.31	6.04	4.08	80.3%
0	Nick Lewis	Washington State	SO	.338	.448	.786	.306	9.2%	17.0%	7.8%	1.85	1.45	5.01	5.68	6.04	4.67	79.7%
0	Brayden Olson	St. Thomas	JR	.366	.385	.751	.300	10.1%	19.5%	9.4%	1.93	1.38	3.31	5.86	6.04	4.27	75.8%
0	Will Howell	Memphis	SO	.392	.446	.837	.351	10.5%	18.5%	8.1%	1.76	1.59	5.67	5.98	6.04	4.42	72.4%
0	Max Tripure	Western Illinois	SR	.371	.355	.726	.337	11.4%	18.2%	6.8%	1.60	1.55	5.90	4.62	6.04	4.51	63.3%
0	Ben Cherico	Saint Louis	SR	.331	.379	.710	.263	10.2%	23.4%	13.1%	2.29	1.22	3.09	5.88	6.05	3.87	78.7%
0	Sam Beck	Omaha	SR	.319	.347	.666	.239	9.6%	20.2%	10.5%	2.10	1.22	3.76	6.27	6.05	4.24	88.8%
0	Collin Valentine	Pepperdine	JR	.338	.342	.680	.302	6.8%	10.5%	3.8%	1.54	1.34	2.59	5.00	6.05	4.94	78.0%
0	Bryce Johnson	Washington	SO	.337	.489	.826	.290	8.5%	18.9%	10.4%	2.22	1.39	4.56	6.24	6.05	4.33	64.6%
0	Nathan Love	Oral Roberts	SR	.322	.467	.788	.272	7.8%	16.4%	8.6%	2.10	1.27	4.45	6.37	6.05	4.61	76.7%
0	Owen Slater	Missouri State	SO	.390	.465	.855	.298	11.7%	17.5%	5.8%	1.50	1.64	5.02	7.74	6.05	4.37	76.2%
0	Dutch DeProspero	Towson	SR	.407	.495	.902	.377	7.4%	14.8%	7.4%	2.00	1.92	7.59	6.79	6.06	4.64	67.7%
0	Adrian Quezada	Queens (NC)	SR	.387	.409	.796	.347	9.9%	18.5%	8.6%	1.87	1.66	6.03	5.79	6.07	4.33	76.2%
0	Adam Brouwer	Cincinnati	SR	.322	.551	.873	.263	6.0%	16.4%	10.3%	2.73	1.32	5.93	7.64	6.08	4.44	81.4%
0	Kaden Myers	College of Charleston	FR	.340	.396	.735	.293	8.4%	14.0%	5.6%	1.67	1.28	5.04	5.08	6.09	4.82	68.5%
0	Hayden Lewis	Washington	SR	.402	.429	.830	.391	12.5%	23.3%	10.8%	1.86	1.78	8.39	5.28	6.10	4.20	52.0%
0	Noah Andrunas	Saint Louis	JR	.321	.441	.763	.291	5.4%	13.4%	8.0%	2.48	1.31	4.15	5.60	6.10	4.63	75.5%
0	Duke McCarron	Saint Joseph’s	JR	.395	.545	.940	.348	10.0%	22.5%	12.5%	2.25	1.64	7.92	6.91	6.10	3.93	70.0%
0	Micah Hagler	Seattle	JR	.349	.439	.787	.310	6.3%	9.8%	3.6%	1.56	1.46	5.84	5.57	6.10	4.90	62.5%
0	Jeremy Cheeseman	Fairleigh Dickinson	SR	.426	.447	.873	.395	8.2%	11.8%	3.6%	1.44	1.80	6.94	5.49	6.11	4.96	69.5%
0	Oliver Pudvar	Connecticut	JR	.385	.470	.855	.337	9.4%	17.4%	8.0%	1.85	1.62	6.98	6.60	6.11	4.53	75.6%
0	Tommy Scavone	Pepperdine	GR	.353	.441	.794	.303	7.9%	18.6%	10.7%	2.35	1.31	5.91	5.94	6.11	4.30	73.1%
0	Luka Pintar	San Jose State	SO	.362	.420	.782	.347	6.7%	14.2%	7.5%	2.12	1.50	5.10	5.01	6.11	4.74	65.6%
0	Cooper McMullen	Kennesaw State	SO	.357	.402	.759	.282	11.5%	14.2%	2.7%	1.23	1.52	4.68	6.39	6.12	4.98	75.4%
0	David Case	Memphis	GR	.397	.491	.887	.338	13.7%	20.6%	6.9%	1.50	1.84	8.10	7.39	6.13	4.60	60.1%
0	Jayden Barroqueiro	Seton Hall	GR	.410	.533	.943	.365	10.3%	14.0%	3.7%	1.36	1.98	9.15	6.67	6.13	4.77	51.5%
0	Marco Dumsky	Dartmouth	JR	.403	.517	.919	.378	12.2%	20.3%	8.1%	1.66	1.93	5.79	5.45	6.13	4.35	47.1%
0	Zachary Robinson	UMBC	JR	.359	.359	.718	.340	5.3%	15.2%	9.8%	2.87	1.40	3.77	4.38	6.13	4.35	70.2%
0	Matthew Mariano	Albany	SR	.232	.186	.418	.194	7.9%	17.8%	9.9%	2.25	0.84	1.03	3.96	6.14	4.95	69.6%
0	Jack Kelley	Villanova	GR	.339	.356	.695	.278	9.8%	18.9%	9.0%	1.93	1.35	5.60	5.87	6.14	4.46	67.9%
0	Kyle Bade	San Diego	SR	.372	.384	.756	.333	9.9%	21.5%	11.6%	2.17	1.58	7.12	5.06	6.15	3.95	66.5%
0	Owen Stewart	George Mason	SR	.398	.375	.773	.344	13.5%	20.7%	7.2%	1.53	1.72	5.56	5.94	6.16	4.47	64.7%
0	Bromley Thornton	UNC Wilmington	JR	.331	.273	.603	.268	8.4%	20.6%	12.2%	2.45	1.12	2.97	4.97	6.16	3.95	84.1%
0	Joseph Steventon	Wagner	SO	.333	.333	.667	.300	7.0%	17.8%	10.9%	2.54	1.28	4.03	4.73	6.18	4.24	79.3%
0	Ean DiPasquale	Southern Indiana	SO	.295	.209	.504	.236	8.5%	17.9%	9.4%	2.11	1.00	2.77	4.47	6.18	4.39	71.0%
0	John Carmichael	Eastern Michigan	JR	.427	.641	1.069	.400	6.8%	15.9%	9.1%	2.34	1.99	8.77	7.47	6.18	4.42	58.8%
0	Luke Niemeyer	Lindenwood	FR	.306	.378	.684	.269	5.6%	12.8%	7.2%	2.29	1.11	2.35	5.10	6.18	4.90	87.7%
0	Ethan Hamill	Cornell	SR	.349	.425	.773	.291	10.5%	19.8%	9.3%	1.89	1.35	4.50	5.73	6.19	4.44	77.2%
0	Brigden Parker	Little Rock	SR	.308	.402	.711	.206	11.1%	18.5%	7.4%	1.67	1.18	4.10	6.92	6.19	4.64	88.5%
0	Jaxon Lucas	Liberty	JR	.316	.350	.665	.289	7.9%	16.7%	8.8%	2.11	1.33	5.47	4.99	6.19	4.94	60.2%
0	Kendall Dove	UTSA	JR	.353	.400	.753	.294	7.4%	14.0%	6.6%	1.89	1.39	5.74	6.07	6.19	4.71	74.1%
0	Ian Koosman	Creighton	SR	.388	.552	.940	.339	10.7%	21.4%	10.7%	2.00	1.66	6.85	7.17	6.19	4.21	66.7%
0	Andrew Abler	Harvard	JR	.378	.436	.814	.372	6.3%	13.5%	7.2%	2.14	1.64	5.55	4.73	6.20	4.77	69.0%
0	Dylan Smith	Cal State Fullerton	SO	.349	.513	.862	.293	3.2%	9.5%	6.3%	2.97	1.31	5.59	6.82	6.20	4.70	70.3%
0	Colin Trizuto	Wagner	SR	.435	.449	.884	.400	11.3%	12.8%	1.4%	1.13	2.06	8.13	5.58	6.20	4.91	58.0%
0	Reid Bertram	Gardner-Webb	SR	.366	.441	.806	.320	5.9%	14.1%	8.1%	2.39	1.33	6.25	5.79	6.21	4.57	69.2%
0	Ricky Kidd	Western Michigan	GR	.353	.445	.798	.281	8.8%	13.9%	5.1%	1.58	1.40	5.74	6.73	6.21	4.91	70.7%
0	Diego Cardenas	George Mason	GR	.336	.394	.730	.268	8.4%	17.8%	9.3%	2.12	1.32	4.81	6.52	6.22	4.41	82.2%
0	Dylan Farley	Arkansas State	GR	.330	.409	.739	.264	9.4%	17.0%	7.5%	1.81	1.28	2.88	6.04	6.22	4.58	84.4%
0	Joshua Caravalho	Houston Christian	SR	.397	.569	.966	.338	10.2%	19.7%	9.4%	1.93	1.77	10.04	7.94	6.23	4.28	47.3%
0	Nick Hunkele	Merrimack	SO	.405	.432	.837	.364	9.8%	16.3%	6.5%	1.66	3.53	7.80	5.66	6.23	4.62	75.2%
0	Griffin Smith	Washington State	SR	.389	.517	.907	.354	6.8%	13.5%	6.8%	1.99	1.60	7.06	6.30	6.24	4.65	66.1%
0	Ty Holman	Saint Louis	SO	.348	.337	.685	.267	14.3%	25.9%	11.6%	1.81	1.40	3.24	5.95	6.24	4.12	86.2%
0	Eli DeRossi	Mount St. Mary’s	JR	.378	.569	.947	.316	11.0%	22.1%	11.0%	2.01	1.80	7.76	7.98	6.24	4.24	67.8%
0	Brady Hoar	Bucknell	FR	.325	.324	.649	.247	11.7%	17.2%	5.5%	1.47	1.21	4.25	5.21	6.26	4.80	72.5%
0	Dillon Kirksey	Coppin State	JR	.389	.413	.802	.333	12.6%	19.7%	7.1%	1.56	1.74	7.11	5.85	6.26	4.38	54.1%
0	Aidan Paul	High Point	JR	.367	.613	.980	.270	10.1%	20.9%	10.9%	2.07	1.57	6.11	9.38	6.27	4.21	85.4%
0	Jordan Giacomini	Nevada	JR	.402	.431	.833	.360	14.6%	20.3%	5.7%	1.39	1.91	8.03	5.83	6.27	4.63	56.3%
0	Jason Buhl	Western Illinois	GR	.372	.586	.958	.350	6.0%	16.4%	10.3%	2.73	1.62	8.03	6.53	6.28	4.68	57.1%
0	Liam O'Brien	Hawaii	SR	.303	.222	.525	.197	13.8%	21.1%	7.3%	1.53	1.16	3.60	5.28	6.29	4.48	69.6%
0	Nathan Ries	UC San Diego	SO	.393	.586	.979	.342	9.8%	16.1%	6.3%	1.64	1.82	7.23	7.65	6.29	4.78	56.2%
0	Jonah Walker	North Dakota State	SR	.336	.344	.680	.254	14.3%	20.2%	5.9%	1.41	1.39	4.39	5.64	6.30	4.70	80.1%
0	Matthew Kouser	Northwestern	SO	.313	.337	.649	.186	14.0%	17.5%	3.5%	1.25	1.27	2.77	6.92	6.30	4.90	71.4%
0	Julian Mlodzinski	Florida International	SR	.398	.437	.835	.345	10.5%	11.3%	0.8%	1.08	1.67	5.67	5.92	6.31	5.20	65.6%
0	Brady Bickett	Charleston Southern	JR	.330	.247	.577	.247	11.8%	16.4%	4.5%	1.39	1.19	3.46	5.01	6.32	4.83	75.0%
0	Jose Luccioni	Texas Southern	SO	.384	.467	.850	.377	10.2%	17.0%	6.8%	1.67	1.80	5.89	4.87	6.32	4.98	66.5%
0	Maddux Frese	Iowa	JR	.283	.413	.696	.260	5.1%	14.1%	9.1%	2.76	1.15	3.33	5.39	6.34	5.39	71.4%
0	Alec Belardes	San Diego State	SO	.388	.518	.906	.346	9.9%	22.7%	12.8%	2.29	1.60	7.67	6.52	6.35	3.98	66.0%
0	Luke Jones	Coastal Carolina	SO	.341	.360	.701	.262	9.0%	18.8%	9.8%	2.09	1.22	2.97	5.96	6.35	4.27	85.8%
0	Lex Kenny	West Georgia	SR	.312	.282	.594	.250	9.2%	13.4%	4.2%	1.46	1.14	2.57	5.08	6.36	5.10	75.1%
0	Hudson Rowan	Louisiana Tech	JR	.345	.276	.620	.274	13.2%	20.7%	7.4%	1.57	1.32	4.82	5.15	6.37	4.48	75.8%
0	Erik Hoffberg	Gonzaga	JR	.378	.462	.839	.325	9.3%	20.9%	11.6%	2.25	1.48	6.18	6.32	6.37	4.07	68.4%
0	Samuel Wright	Quinnipiac	SO	.436	.490	.925	.387	12.6%	16.8%	4.2%	1.33	1.89	8.14	6.23	6.37	4.70	62.2%
0	Carson Byers	Miami (OH)	SR	.388	.555	.943	.360	7.4%	15.6%	8.2%	2.11	1.75	9.47	6.68	6.38	4.79	62.5%
0	Thomas Santana	Columbia	SR	.382	.436	.818	.333	10.9%	20.0%	9.1%	1.83	2.24	7.41	6.15	6.40	4.65	68.8%
0	Jayden Lopez	Jackson State	SR	.375	.385	.760	.299	15.8%	20.2%	4.4%	1.28	1.71	7.12	6.39	6.40	4.87	76.7%
0	Kyle Batt	Rider	SO	.387	.312	.699	.310	10.7%	7.1%	-3.6%	0.66	1.58	3.65	5.61	6.40	4.38	72.1%
0	Walker Fuller	Norfolk State	SR	.374	.509	.883	.321	9.7%	16.1%	6.5%	1.66	1.71	8.42	6.92	6.41	4.84	41.0%
0	Jorhan LaBoy	Alabama State	JR	.360	.448	.808	.321	8.6%	15.9%	7.3%	1.85	1.61	6.68	6.29	6.41	4.87	66.0%
0	Joey Ruller	Queens (NC)	JR	.333	.361	.694	.275	8.2%	19.0%	10.8%	2.32	1.21	4.58	5.78	6.41	4.41	69.0%
0	Kevin Reavey	Army	SO	.318	.286	.604	.233	12.1%	15.9%	3.8%	1.31	1.18	2.45	5.60	6.42	5.05	86.7%
0	Kyle Salvati	Central Connecticut	SR	.372	.380	.752	.321	12.8%	20.9%	8.1%	1.63	1.58	4.91	5.37	6.43	4.46	71.9%
0	Miguel Hugas	Mercer	JR	.340	.317	.657	.270	7.6%	15.2%	7.6%	2.00	1.17	3.67	5.55	6.43	4.62	75.8%
0	Jake Hilton	Saint Mary’s	GR	.359	.436	.795	.342	9.3%	19.5%	10.2%	2.10	1.58	4.62	5.07	6.44	4.72	74.0%
0	Tristan Helmick	Lafayette	JR	.407	.404	.810	.375	6.5%	10.5%	4.0%	1.62	1.69	7.62	4.94	6.44	5.03	62.0%
0	Ryan Parker	Sacred Heart	GR	.399	.475	.874	.337	12.5%	13.2%	0.7%	1.06	1.85	6.07	6.39	6.45	5.06	66.3%
0	Griffen Paige	Wright State	JR	.342	.500	.842	.240	9.9%	18.2%	8.3%	1.84	1.42	6.41	8.25	6.45	4.65	70.5%
0	Traig Oughton	Cal State Northridge	JR	.374	.509	.883	.301	7.5%	18.0%	10.5%	2.40	1.38	5.46	7.17	6.47	4.35	69.0%
0	Kendall Hoffman	Houston	SO	.307	.430	.737	.194	7.1%	15.6%	8.5%	2.20	1.07	4.41	7.43	6.48	4.53	75.3%
0	Peter Dubie	Brown	SR	.400	.463	.863	.366	12.8%	20.5%	7.7%	1.60	1.79	7.12	5.64	6.49	4.60	55.6%
0	Kenneth Haynes	Prairie View	JR	.405	.440	.845	.360	11.3%	15.8%	4.5%	1.40	1.77	6.18	5.85	6.50	4.87	71.7%
0	Chase Ingram	UAB	SR	.373	.564	.937	.312	9.5%	11.9%	2.4%	1.25	1.64	7.39	6.98	6.51	5.33	52.5%
0	Brent Stukes	USC Upstate	JR	.359	.517	.876	.298	8.3%	18.9%	10.6%	2.28	1.47	6.14	7.35	6.51	4.56	69.9%
0	Tyler Guerin	Iowa	SO	.415	.389	.804	.327	14.7%	18.9%	4.2%	1.29	1.67	6.20	6.62	6.51	4.82	77.3%
0	Conner Griffin	Binghamton	JR	.368	.366	.733	.262	16.2%	22.2%	6.0%	1.37	1.56	5.76	6.58	6.53	4.61	72.2%
0	Chase Carver	Bellarmine	JR	.392	.609	1.001	.347	6.4%	9.6%	3.2%	1.50	1.97	8.14	7.68	6.54	5.16	46.8%
0	Anthony Solis	Eastern Illinois	JR	.431	.638	1.068	.380	9.6%	13.7%	4.1%	1.43	2.12	11.75	8.31	6.55	5.08	51.2%
0	Tanner Nolan	Appalachian State	JR	.404	.433	.837	.305	13.7%	23.1%	9.4%	1.69	1.52	6.12	7.27	6.55	4.23	74.3%
0	Carson Turnquist	Cal Poly	JR	.308	.241	.549	.231	11.5%	21.2%	9.6%	1.84	1.11	1.85	4.61	6.56	4.42	78.1%
0	Zack Busick	Little Rock	JR	.350	.299	.649	.243	15.0%	20.8%	5.8%	1.39	1.39	4.05	6.02	6.57	4.71	79.1%
0	Justin Kim	Princeton	SR	.321	.433	.754	.225	11.5%	18.6%	7.1%	1.62	1.34	3.55	6.99	6.59	4.81	89.7%
0	Joe Sabbath	Rhode Island	JR	.418	.536	.954	.381	9.7%	19.4%	9.7%	2.00	1.91	9.12	6.65	6.59	4.31	55.6%
0	Alex Lyon	College of Charleston	SR	.279	.385	.664	.236	1.8%	10.7%	8.9%	5.94	0.99	2.96	5.99	6.60	5.21	59.1%
0	Jack Messmore	Youngstown State	SR	.387	.542	.929	.345	9.4%	14.8%	5.5%	1.57	1.69	6.07	6.10	6.60	4.91	70.8%
0	Ethan Blakeney	Norfolk State	JR	.388	.379	.767	.353	12.8%	23.1%	10.3%	1.80	1.64	5.40	5.50	6.62	4.65	71.1%
0	Tomas Lopez	Columbia	JR	.320	.439	.759	.240	10.7%	17.3%	6.7%	1.62	1.30	3.06	6.62	6.63	5.01	96.0%
0	Matthew Eagen	Queens (NC)	SO	.356	.523	.878	.310	5.4%	12.1%	6.7%	2.24	1.52	6.68	6.80	6.64	5.14	67.3%
0	Luke Parise	Saint Joseph’s	JR	.344	.396	.740	.278	9.1%	15.9%	6.8%	1.75	1.31	4.55	5.59	6.65	4.94	68.7%
0	Tyler Patrick	Fresno State	SO	.477	.681	1.158	.443	5.3%	11.4%	6.1%	2.15	2.32	10.08	8.77	6.66	4.90	73.4%
0	Trey Ates	Army	SR	.333	.291	.624	.254	11.8%	14.7%	2.9%	1.25	1.29	3.86	5.09	6.68	5.12	82.4%
0	Brady LeJeune-DeAcutis	UMBC	GR	.316	.390	.706	.229	8.5%	13.7%	5.1%	1.61	1.19	3.00	6.26	6.69	4.96	76.2%
0	Gavin Theis	Milwaukee	GR	.363	.317	.680	.262	14.4%	16.3%	1.9%	1.13	1.48	6.04	5.95	6.69	5.19	67.4%
0	Caden Crowell	Notre Dame	FR	.439	.505	.944	.389	13.9%	17.4%	3.5%	1.25	1.93	5.92	6.74	6.69	5.01	76.4%
0	Russ Smith	Dallas Baptist	SO	.395	.569	.964	.324	10.5%	20.2%	9.7%	1.92	1.65	7.96	7.62	6.71	4.44	61.6%
0	Kyle Calzadiaz	San Jose State	SR	.400	.368	.768	.298	17.9%	24.8%	6.8%	1.39	1.60	6.48	6.32	6.75	4.50	71.8%
0	Tyler Sausville	Siena	SR	.312	.339	.651	.213	13.8%	18.1%	4.3%	1.31	1.38	4.45	6.38	6.75	5.02	69.5%
0	Drew Nelson	Brown	FR	.396	.436	.833	.351	11.7%	15.3%	3.6%	1.31	1.83	7.04	5.97	6.75	5.24	58.3%
0	Connor Wylde	New Mexico State	SR	.390	.531	.921	.274	11.7%	15.5%	3.9%	1.32	1.50	6.35	8.07	6.79	5.01	56.3%
0	Spencer Stearns	SIU Edwardsville	JR	.348	.457	.805	.244	8.0%	14.6%	6.6%	1.83	1.29	5.04	7.44	6.81	4.84	77.7%
0	Elliot Eaton	Princeton	JR	.360	.415	.775	.265	8.7%	13.6%	4.9%	1.56	1.34	7.89	6.47	6.82	4.80	42.2%
0	Owen MacDonnell	La Salle	GR	.406	.495	.901	.321	13.4%	19.4%	6.0%	1.45	1.64	6.59	6.99	6.83	4.78	59.9%
0	Michael Lane	Delaware State	JR	.430	.436	.866	.380	16.4%	20.5%	4.1%	1.25	2.18	9.41	5.98	6.83	4.68	47.4%
0	Hayden Bailey	Central Michigan	SR	.407	.570	.977	.329	8.9%	17.7%	8.9%	1.99	1.66	6.39	7.95	6.85	4.42	72.1%
0	Tanner Ware	Oakland	SR	.469	.505	.974	.416	14.4%	12.9%	-1.5%	0.90	2.39	7.30	7.14	6.86	5.27	66.9%
0	Aric Ehmke	Milwaukee	SR	.396	.526	.923	.350	5.4%	13.4%	8.0%	2.48	1.63	8.10	6.87	6.86	4.87	52.1%
0	Owen Byberg	Evansville	SR	.327	.376	.704	.266	6.3%	14.4%	8.1%	2.29	1.23	4.07	5.72	6.89	4.80	51.2%
0	Jarvis Evans	Purdue	SR	.358	.533	.892	.261	10.4%	16.0%	5.7%	1.54	1.42	7.12	7.52	6.91	5.19	64.5%
0	Matthew O'Brien	UC Riverside	SR	.354	.436	.789	.270	10.1%	13.0%	3.0%	1.29	1.46	5.45	6.70	6.92	5.40	70.6%
0	Alessandro Castro	Nevada	JR	.389	.552	.941	.338	9.1%	15.5%	6.4%	1.70	1.71	6.56	7.27	6.93	5.07	60.0%
0	Hayden Tarsia	Binghamton	JR	.450	.660	1.110	.443	11.6%	19.6%	8.0%	1.69	2.25	11.81	6.83	6.96	4.68	58.6%
0	Brendan Conner	UAB	SO	.347	.356	.704	.253	13.2%	11.6%	-1.7%	0.88	1.52	4.44	6.31	6.98	5.61	61.2%
0	Dylan Reid	Brown	SR	.369	.273	.642	.288	18.8%	18.8%	0.0%	1.00	1.66	4.34	5.20	6.99	5.47	77.4%
0	Justin DeCastro	Long Island	SR	.372	.486	.858	.319	7.0%	13.2%	6.2%	1.89	1.62	7.62	6.23	7.00	5.16	57.1%
0	Aidan Brainard	Nevada	SR	.451	.489	.941	.425	12.4%	17.7%	5.3%	1.43	2.07	7.15	6.18	7.00	4.93	70.5%
0	Josh Holst	Air Force	FR	.414	.556	.969	.351	9.4%	15.4%	6.0%	1.64	1.87	6.26	7.71	7.00	4.98	70.7%
0	Nolan Feidt	St. Bonaventure	JR	.408	.390	.798	.341	13.5%	15.8%	2.3%	1.17	1.78	4.67	5.85	7.02	5.21	62.0%
0	Luca Alagheband	Harvard	SO	.391	.463	.854	.316	8.7%	15.7%	7.0%	1.80	1.54	7.12	6.72	7.02	4.77	71.1%
0	Clayton Poliey	Rider	SR	.354	.419	.772	.290	11.0%	15.0%	4.0%	1.36	1.42	3.75	6.30	7.05	6.05	90.9%
0	Alex Sotiropoulos	Columbia	SO	.338	.254	.591	.196	20.0%	20.0%	0.0%	1.00	1.07	3.70	6.19	7.08	5.38	74.2%
0	Josh Pena	Texas Southern	JR	.402	.385	.787	.308	8.3%	13.2%	5.0%	1.59	1.40	5.26	6.53	7.10	5.04	76.9%
0	Brendan Callanan	Iona	JR	.391	.423	.814	.333	11.2%	14.3%	3.1%	1.28	1.57	4.71	5.66	7.11	5.47	72.3%
0	Richard De Jesus	UMES	FR	.373	.398	.772	.286	8.3%	13.1%	4.8%	1.58	1.42	5.34	6.54	7.11	5.04	73.8%
0	Connor Throneberry	Manhattan	GR	.415	.390	.805	.312	18.4%	19.1%	0.7%	1.04	1.84	7.62	7.12	7.13	5.34	71.4%
0	Lucas Boesen	UNC Asheville	SR	.403	.347	.750	.329	19.4%	20.2%	0.8%	1.04	1.94	5.47	5.81	7.14	5.40	77.1%
0	Will Taylor	Marist	JR	.391	.372	.764	.319	15.3%	17.8%	2.5%	1.16	1.68	7.01	6.07	7.16	5.37	75.8%
0	Beau Beaty	Prairie View	SR	.367	.363	.730	.296	8.6%	12.6%	4.0%	1.47	1.32	5.56	5.25	7.16	5.25	58.2%
0	Carter Cox	Northern Illinois	SO	.405	.585	.990	.290	12.9%	21.6%	8.6%	1.67	1.74	8.61	9.10	7.16	4.55	69.9%
0	Trey Power	Alabama State	SO	.344	.406	.750	.267	8.8%	13.6%	4.8%	1.55	1.41	5.47	6.32	7.18	5.33	66.1%
0	Anthony Mateo	Alabama A&M	JR	.365	.439	.804	.300	8.2%	9.9%	1.8%	1.21	1.54	4.38	6.41	7.19	5.84	78.0%
0	Keegan Johnson	Ball State	JR	.375	.505	.880	.261	13.3%	16.8%	3.5%	1.26	1.56	8.51	7.86	7.19	5.10	54.3%
0	Jake Francis	Villanova	JR	.475	.577	1.052	.469	3.3%	9.8%	6.5%	2.97	2.14	9.26	4.84	7.19	5.25	65.5%
0	Daniel Cohen	Yale	SR	.422	.517	.939	.356	12.3%	11.3%	-0.9%	0.92	2.03	7.84	7.07	7.22	5.86	67.0%
0	Caide White	Central Arkansas	FR	.426	.465	.892	.321	16.8%	14.5%	-2.3%	0.86	1.96	6.92	7.39	7.23	5.49	68.9%
0	Eddie Sargent	UMBC	SR	.407	.506	.913	.319	13.4%	13.4%	0.0%	1.00	1.70	6.20	7.44	7.25	5.79	70.3%
0	Nate Gray	BYU	JR	.437	.433	.869	.356	17.3%	18.9%	1.6%	1.09	2.05	7.77	6.77	7.26	5.21	69.0%
0	Enger Paulino	St. Bonaventure	JR	.384	.326	.710	.274	18.3%	19.0%	0.8%	1.04	1.63	4.00	6.10	7.29	5.37	70.8%
0	Drew Townson	Fresno State	SR	.423	.555	.978	.322	13.1%	12.3%	-0.8%	0.94	2.14	8.51	9.20	7.30	5.61	53.1%
0	Matthew Delvaux	Mercyhurst	JR	.389	.453	.842	.300	8.7%	11.3%	2.6%	1.30	1.59	6.94	7.05	7.30	5.38	75.4%
0	Gage Wheaton	Niagara	JR	.388	.330	.718	.278	18.7%	17.9%	-0.8%	0.96	1.71	5.96	6.17	7.31	5.78	74.6%
0	Shane McAlinden	CSU Bakersfield	JR	.478	.584	1.062	.446	11.5%	10.8%	-0.7%	0.94	2.38	9.69	5.89	7.31	5.77	55.0%
0	Jacob Hines	Central Connecticut	SO	.400	.485	.885	.327	15.1%	16.3%	1.2%	1.08	1.83	5.50	6.57	7.32	5.90	70.5%
0	Tyler Hartley	Marist	JR	.408	.420	.828	.341	9.5%	14.3%	4.8%	1.51	1.64	8.42	5.87	7.33	5.21	64.5%
0	Titus Von Kapff	Charleston Southern	JR	.388	.504	.892	.304	10.9%	13.0%	2.2%	1.19	1.62	5.90	6.96	7.35	5.60	71.1%
0	Corey Costello	Radford	JR	.457	.500	.957	.362	15.5%	19.4%	3.9%	1.25	2.01	8.51	8.18	7.38	4.94	68.7%
0	Tyler Conklin	Eastern Illinois	GR	.335	.291	.627	.225	15.8%	10.8%	-5.1%	0.68	1.50	3.89	6.28	7.41	6.36	73.2%
0	Gianni Gambardella	Maine	SR	.367	.516	.883	.275	11.5%	10.1%	-1.4%	0.88	1.69	6.37	7.83	7.41	6.02	63.4%
0	Jason Krieger	Maine	JR	.437	.473	.910	.366	9.9%	11.2%	1.2%	1.13	1.89	7.24	7.12	7.43	5.57	66.2%
0	Nick Baffa	Valparaiso	SO	.438	.740	1.177	.352	11.3%	14.8%	3.5%	1.31	2.09	7.43	10.78	7.44	5.76	57.1%
0	Tripp Patterson	North Alabama	SO	.397	.569	.966	.333	9.2%	12.1%	2.8%	1.32	1.81	8.59	7.60	7.46	5.69	48.3%
0	Brady Bouchard	Binghamton	SO	.411	.459	.870	.367	7.8%	10.9%	3.1%	1.40	1.82	8.20	5.99	7.48	5.55	61.8%
0	Kenney Fabian	Arkansas-Pine Bluff	SR	.349	.360	.709	.250	7.3%	14.6%	7.3%	2.00	1.22	4.41	6.72	7.50	5.42	71.1%
0	Robbie O'Connor	Northeastern	JR	.379	.211	.589	.224	8.5%	17.9%	9.4%	2.11	0.93	4.18	6.05	7.51	4.33	71.8%
0	Alex Hwang	Yale	SO	.398	.281	.679	.297	13.9%	13.9%	0.0%	1.00	1.61	7.23	5.90	7.52	5.53	68.9%
0	Brayden Marks	North Dakota State	SR	.453	.521	.974	.387	10.9%	7.2%	-3.6%	0.66	2.17	8.10	6.76	7.55	5.93	62.5%
0	Christian Mello	Albany	SO	.392	.360	.752	.250	18.2%	14.1%	-4.0%	0.77	1.62	4.15	7.17	7.59	5.99	85.2%
0	Quincy Thornton	Southern	SR	.462	.573	1.035	.386	15.0%	24.2%	9.2%	1.61	1.97	9.67	7.99	7.67	4.48	60.7%
0	Jake Fields	Long Beach State	SO	.407	.302	.709	.267	21.2%	22.0%	0.8%	1.04	1.66	6.04	6.56	7.71	5.65	81.5%
0	Kevin Reed	Evansville	JR	.407	.500	.907	.306	14.4%	11.2%	-3.2%	0.78	1.81	6.58	7.16	7.81	6.19	67.7%
0	James Lordi	Long Island	JR	.424	.627	1.051	.305	14.1%	13.0%	-1.1%	0.92	2.06	11.00	9.71	7.83	6.22	65.4%
0	Joe LoPinto	Canisius	JR	.455	.551	1.006	.385	13.2%	14.9%	1.7%	1.13	2.16	11.12	7.49	7.89	5.34	55.1%
0	Reece Wagner	Northern Colorado	JR	.461	.448	.909	.329	20.3%	14.7%	-5.6%	0.72	2.13	7.16	8.09	7.89	5.80	67.4%
0	Zach Vriesenga	Western Michigan	JR	.437	.592	1.029	.346	14.3%	15.9%	1.6%	1.11	2.12	7.12	8.70	7.90	5.58	62.2%
0	Sean Hamilton	Hofstra	SR	.474	.511	.986	.408	12.1%	16.4%	4.3%	1.36	2.00	7.77	6.62	8.09	5.07	70.9%
0	Hunter Hoxie	Fairfield	SO	.418	.373	.792	.290	18.6%	12.7%	-5.9%	0.68	1.86	5.57	7.31	8.14	7.01	78.5%
0	Liam Kinneen	Princeton	SO	.452	.383	.835	.328	17.2%	17.2%	0.0%	1.00	1.87	7.04	7.58	8.17	5.47	71.1%
0	Jeremy Vest	Delaware State	SO	.426	.356	.782	.313	14.7%	9.5%	-5.2%	0.65	1.91	7.36	6.58	8.30	6.19	55.1%
0	Keevyn Goss	Grambling	JR	.452	.398	.849	.284	20.0%	16.0%	-4.0%	0.80	2.04	7.04	8.77	8.41	5.73	75.3%
0	James Ellis	Saint Peter’s	SR	.365	.415	.780	.224	13.7%	12.0%	-1.7%	0.88	1.50	4.38	7.99	8.57	6.61	85.2%
0	AJ Petraitis	Le Moyne	JR	.454	.652	1.106	.316	14.8%	7.0%	-7.7%	0.47	2.31	14.54	10.43	8.58	6.65	51.1%
0	Jake Cumming	Coppin State	JR	.457	.381	.838	.303	25.2%	18.1%	-7.1%	0.72	2.30	8.61	7.80	9.17	6.43	56.5%
0	Kayden Sutton	Alcorn State	FR	.444	.433	.877	.328	15.4%	6.8%	-8.6%	0.44	2.18	7.98	7.49	9.17	6.82	61.8%
0	Cade Williams	UMES	GR	.466	.570	1.036	.351	16.9%	11.0%	-5.9%	0.65	2.25	8.74	8.90	9.23	7.19	64.8%